Index,Season,League,Team,Entropy,X,Colour
0,2008/2009,England,Manchester United,0.8431260199666801,-0.2,"(0.2980392156862745, 0.4470588235294118, 0.6901960784313725)"
1,2008/2009,England,Newcastle United,1.01477243325599,-0.2,"(0.2980392156862745, 0.4470588235294118, 0.6901960784313725)"
2,2008/2009,England,Arsenal,0.9365218449525645,-0.2,"(0.2980392156862745, 0.4470588235294118, 0.6901960784313725)"
3,2008/2009,England,West Bromwich Albion,0.9794429306383432,-0.2,"(0.2980392156862745, 0.4470588235294118, 0.6901960784313725)"
4,2008/2009,England,Sunderland,1.0108725063920332,-0.2,"(0.2980392156862745, 0.4470588235294118, 0.6901960784313725)"
5,2008/2009,England,Liverpool,0.9091477825040597,-0.2,"(0.2980392156862745, 0.4470588235294118, 0.6901960784313725)"
6,2008/2009,England,West Ham,1.0141229881729437,-0.2,"(0.2980392156862745, 0.4470588235294118, 0.6901960784313725)"
7,2008/2009,England,Wigan,1.0070915581683293,-0.2,"(0.2980392156862745, 0.4470588235294118, 0.6901960784313725)"
8,2008/2009,England,Aston Villa,1.0131830802128807,-0.2,"(0.2980392156862745, 0.4470588235294118, 0.6901960784313725)"
9,2008/2009,England,Manchester City,1.0285262784243856,-0.2,"(0.2980392156862745, 0.4470588235294118, 0.6901960784313725)"
10,2008/2009,England,Everton,1.0191650644152872,-0.2,"(0.2980392156862745, 0.4470588235294118, 0.6901960784313725)"
11,2008/2009,England,Blackburn,1.0184250330141265,-0.2,"(0.2980392156862745, 0.4470588235294118, 0.6901960784313725)"
12,2008/2009,England,Middlesbrough,1.0160351747491931,-0.2,"(0.2980392156862745, 0.4470588235294118, 0.6901960784313725)"
13,2008/2009,England,Tottenham,1.022447275386955,-0.2,"(0.2980392156862745, 0.4470588235294118, 0.6901960784313725)"
14,2008/2009,England,Bolton,1.0099360634454384,-0.2,"(0.2980392156862745, 0.4470588235294118, 0.6901960784313725)"
15,2008/2009,England,Stoke,0.9648599450931176,-0.2,"(0.2980392156862745, 0.4470588235294118, 0.6901960784313725)"
16,2008/2009,England,Hull,0.9922002257410022,-0.2,"(0.2980392156862745, 0.4470588235294118, 0.6901960784313725)"
17,2008/2009,England,Fulham,1.0125111541066627,-0.2,"(0.2980392156862745, 0.4470588235294118, 0.6901960784313725)"
18,2008/2009,England,Chelsea,0.8715285723049673,-0.2,"(0.2980392156862745, 0.4470588235294118, 0.6901960784313725)"
19,2008/2009,England,Portsmouth,1.0238773921735511,-0.2,"(0.2980392156862745, 0.4470588235294118, 0.6901960784313725)"
20,2008/2009,France,Auxerre,1.0441999527767174,-0.1,"(0.3333333333333333, 0.6588235294117647, 0.40784313725490196)"
21,2008/2009,France,Nantes,1.0323066273408434,-0.1,"(0.3333333333333333, 0.6588235294117647, 0.40784313725490196)"
22,2008/2009,France,Bordeaux,0.9956305383097596,-0.1,"(0.3333333333333333, 0.6588235294117647, 0.40784313725490196)"
23,2008/2009,France,Caen,1.0421672012701446,-0.1,"(0.3333333333333333, 0.6588235294117647, 0.40784313725490196)"
24,2008/2009,France,Le Havre,1.0005928753601347,-0.1,"(0.3333333333333333, 0.6588235294117647, 0.40784313725490196)"
25,2008/2009,France,Nice,1.048941462245034,-0.1,"(0.3333333333333333, 0.6588235294117647, 0.40784313725490196)"
26,2008/2009,France,Le Mans,1.0405549579466502,-0.1,"(0.3333333333333333, 0.6588235294117647, 0.40784313725490196)"
27,2008/2009,France,Lorient,1.040709825526596,-0.1,"(0.3333333333333333, 0.6588235294117647, 0.40784313725490196)"
28,2008/2009,France,Lyon,0.946516718298761,-0.1,"(0.3333333333333333, 0.6588235294117647, 0.40784313725490196)"
29,2008/2009,France,Toulouse,1.0446382089689312,-0.1,"(0.3333333333333333, 0.6588235294117647, 0.40784313725490196)"
30,2008/2009,France,Monaco,1.0359625227410014,-0.1,"(0.3333333333333333, 0.6588235294117647, 0.40784313725490196)"
31,2008/2009,France,Paris Saint Germain,1.0204659927506616,-0.1,"(0.3333333333333333, 0.6588235294117647, 0.40784313725490196)"
32,2008/2009,France,Nancy,1.0385204606283707,-0.1,"(0.3333333333333333, 0.6588235294117647, 0.40784313725490196)"
33,2008/2009,France,Lille,1.0278980269896423,-0.1,"(0.3333333333333333, 0.6588235294117647, 0.40784313725490196)"
34,2008/2009,France,Rennes,1.0390112900188797,-0.1,"(0.3333333333333333, 0.6588235294117647, 0.40784313725490196)"
35,2008/2009,France,Marseille,0.999123460608314,-0.1,"(0.3333333333333333, 0.6588235294117647, 0.40784313725490196)"
36,2008/2009,France,Sochaux,1.0348909852749193,-0.1,"(0.3333333333333333, 0.6588235294117647, 0.40784313725490196)"
37,2008/2009,France,Grenoble,1.029656878388457,-0.1,"(0.3333333333333333, 0.6588235294117647, 0.40784313725490196)"
38,2008/2009,France,Valenciennes,1.0245343341033952,-0.1,"(0.3333333333333333, 0.6588235294117647, 0.40784313725490196)"
39,2008/2009,France,Saint-Etienne,1.0428931771664536,-0.1,"(0.3333333333333333, 0.6588235294117647, 0.40784313725490196)"
40,2008/2009,Germany,Bayern Munich,0.9047981365389947,0.0,"(0.7686274509803922, 0.3058823529411765, 0.3215686274509804)"
41,2008/2009,Germany,Hamburger SV,1.0111220055295043,0.0,"(0.7686274509803922, 0.3058823529411765, 0.3215686274509804)"
42,2008/2009,Germany,Bayer Leverkusen,1.0119531025488344,0.0,"(0.7686274509803922, 0.3058823529411765, 0.3215686274509804)"
43,2008/2009,Germany,Borussia Dortmund,1.033055304190286,0.0,"(0.7686274509803922, 0.3058823529411765, 0.3215686274509804)"
44,2008/2009,Germany,Schalke 04,1.003875881451463,0.0,"(0.7686274509803922, 0.3058823529411765, 0.3215686274509804)"
45,2008/2009,Germany,Hannover 96,1.0197387558189233,0.0,"(0.7686274509803922, 0.3058823529411765, 0.3215686274509804)"
46,2008/2009,Germany,Wolfsburg,1.0040743363249727,0.0,"(0.7686274509803922, 0.3058823529411765, 0.3215686274509804)"
47,2008/2009,Germany,FC Cologne,1.0169504411125854,0.0,"(0.7686274509803922, 0.3058823529411765, 0.3215686274509804)"
48,2008/2009,Germany,Eintracht Frankfurt,1.0140464325167518,0.0,"(0.7686274509803922, 0.3058823529411765, 0.3215686274509804)"
49,2008/2009,Germany,Hertha Berlin,1.0329541476635256,0.0,"(0.7686274509803922, 0.3058823529411765, 0.3215686274509804)"
50,2008/2009,Germany,Arminia Bielefeld,0.9885589534583,0.0,"(0.7686274509803922, 0.3058823529411765, 0.3215686274509804)"
51,2008/2009,Germany,Werder Bremen,0.9983383633040949,0.0,"(0.7686274509803922, 0.3058823529411765, 0.3215686274509804)"
52,2008/2009,Germany,Energie Cottbus,0.9748825570920895,0.0,"(0.7686274509803922, 0.3058823529411765, 0.3215686274509804)"
53,2008/2009,Germany,Hoffenheim,1.0280156368827904,0.0,"(0.7686274509803922, 0.3058823529411765, 0.3215686274509804)"
54,2008/2009,Germany,Borussia Moenchengladbach,1.0115894225609268,0.0,"(0.7686274509803922, 0.3058823529411765, 0.3215686274509804)"
55,2008/2009,Germany,VfB Stuttgart,1.021205348346792,0.0,"(0.7686274509803922, 0.3058823529411765, 0.3215686274509804)"
56,2008/2009,Germany,Karlsruher SC,0.9938896512462427,0.0,"(0.7686274509803922, 0.3058823529411765, 0.3215686274509804)"
57,2008/2009,Germany,Bochum,1.0087850476125115,0.0,"(0.7686274509803922, 0.3058823529411765, 0.3215686274509804)"
58,2008/2009,Italy,Atalanta,1.032248000351739,0.1,"(0.5058823529411764, 0.4470588235294118, 0.6980392156862745)"
59,2008/2009,Italy,Robur Siena,1.0067078247669297,0.1,"(0.5058823529411764, 0.4470588235294118, 0.6980392156862745)"
60,2008/2009,Italy,Cagliari,1.0137551563103542,0.1,"(0.5058823529411764, 0.4470588235294118, 0.6980392156862745)"
61,2008/2009,Italy,Lazio,1.0346340416551303,0.1,"(0.5058823529411764, 0.4470588235294118, 0.6980392156862745)"
62,2008/2009,Italy,Catania,0.9929030327042256,0.1,"(0.5058823529411764, 0.4470588235294118, 0.6980392156862745)"
63,2008/2009,Italy,Genoa,1.0158387515532112,0.1,"(0.5058823529411764, 0.4470588235294118, 0.6980392156862745)"
64,2008/2009,Italy,Chievo,1.0004240333708507,0.1,"(0.5058823529411764, 0.4470588235294118, 0.6980392156862745)"
65,2008/2009,Italy,Reggina,0.9893667300788561,0.1,"(0.5058823529411764, 0.4470588235294118, 0.6980392156862745)"
66,2008/2009,Italy,Fiorentina,1.0062712501358628,0.1,"(0.5058823529411764, 0.4470588235294118, 0.6980392156862745)"
67,2008/2009,Italy,Juventus,0.9585878266502167,0.1,"(0.5058823529411764, 0.4470588235294118, 0.6980392156862745)"
68,2008/2009,Italy,AC Milan,0.9478339613158833,0.1,"(0.5058823529411764, 0.4470588235294118, 0.6980392156862745)"
69,2008/2009,Italy,Bologna,0.998301629278237,0.1,"(0.5058823529411764, 0.4470588235294118, 0.6980392156862745)"
70,2008/2009,Italy,Roma,1.0009527574942683,0.1,"(0.5058823529411764, 0.4470588235294118, 0.6980392156862745)"
71,2008/2009,Italy,SSC Napoli,1.0263893154155692,0.1,"(0.5058823529411764, 0.4470588235294118, 0.6980392156862745)"
72,2008/2009,Italy,Sampdoria,1.0342307558710881,0.1,"(0.5058823529411764, 0.4470588235294118, 0.6980392156862745)"
73,2008/2009,Italy,Inter,0.9197290743605422,0.1,"(0.5058823529411764, 0.4470588235294118, 0.6980392156862745)"
74,2008/2009,Italy,Torino,1.0180178097634183,0.1,"(0.5058823529411764, 0.4470588235294118, 0.6980392156862745)"
75,2008/2009,Italy,Lecce,0.981506275980613,0.1,"(0.5058823529411764, 0.4470588235294118, 0.6980392156862745)"
76,2008/2009,Italy,Udinese,1.03255864137651,0.1,"(0.5058823529411764, 0.4470588235294118, 0.6980392156862745)"
77,2008/2009,Italy,Palermo,1.0304296397783979,0.1,"(0.5058823529411764, 0.4470588235294118, 0.6980392156862745)"
78,2008/2009,Spain,Valencia,1.0220970950707429,0.2,"(0.8, 0.7254901960784313, 0.4549019607843137)"
79,2008/2009,Spain,Mallorca,1.0314781259931807,0.2,"(0.8, 0.7254901960784313, 0.4549019607843137)"
80,2008/2009,Spain,Osasuna,1.0363746844674793,0.2,"(0.8, 0.7254901960784313, 0.4549019607843137)"
81,2008/2009,Spain,Villarreal,1.0214323221402097,0.2,"(0.8, 0.7254901960784313, 0.4549019607843137)"
82,2008/2009,Spain,Deportivo La Coruna,1.0423887797894658,0.2,"(0.8, 0.7254901960784313, 0.4549019607843137)"
83,2008/2009,Spain,Real Madrid,0.9329178509921716,0.2,"(0.8, 0.7254901960784313, 0.4549019607843137)"
84,2008/2009,Spain,Numancia,1.0010386124516508,0.2,"(0.8, 0.7254901960784313, 0.4549019607843137)"
85,2008/2009,Spain,Barcelona,0.8468110847579524,0.2,"(0.8, 0.7254901960784313, 0.4549019607843137)"
86,2008/2009,Spain,Racing Santander,1.0347680270564183,0.2,"(0.8, 0.7254901960784313, 0.4549019607843137)"
87,2008/2009,Spain,Sevilla,1.0115128514564637,0.2,"(0.8, 0.7254901960784313, 0.4549019607843137)"
88,2008/2009,Spain,Sporting Gijon,1.0069831831144374,0.2,"(0.8, 0.7254901960784313, 0.4549019607843137)"
89,2008/2009,Spain,Getafe,1.034354898673391,0.2,"(0.8, 0.7254901960784313, 0.4549019607843137)"
90,2008/2009,Spain,Real Betis,1.0323211647637514,0.2,"(0.8, 0.7254901960784313, 0.4549019607843137)"
91,2008/2009,Spain,Recreativo Huelva,1.0108006709531863,0.2,"(0.8, 0.7254901960784313, 0.4549019607843137)"
92,2008/2009,Spain,Espanyol,1.0343584092693419,0.2,"(0.8, 0.7254901960784313, 0.4549019607843137)"
93,2008/2009,Spain,Valladolid,1.0261737342997295,0.2,"(0.8, 0.7254901960784313, 0.4549019607843137)"
94,2008/2009,Spain,Athletic Bilbao,1.0286553917224686,0.2,"(0.8, 0.7254901960784313, 0.4549019607843137)"
95,2008/2009,Spain,Almeria,1.025023412105654,0.2,"(0.8, 0.7254901960784313, 0.4549019607843137)"
96,2008/2009,Spain,Atletico Madrid,1.0099701942592703,0.2,"(0.8, 0.7254901960784313, 0.4549019607843137)"
97,2008/2009,Spain,Malaga,1.0261663264505874,0.2,"(0.8, 0.7254901960784313, 0.4549019607843137)"
98,2009/2010,England,Manchester United,0.8371649851098214,0.8,"(0.2980392156862745, 0.4470588235294118, 0.6901960784313725)"
99,2009/2010,England,Arsenal,0.8802991023458635,0.8,"(0.2980392156862745, 0.4470588235294118, 0.6901960784313725)"
100,2009/2010,England,Sunderland,0.9943842260502711,0.8,"(0.2980392156862745, 0.4470588235294118, 0.6901960784313725)"
101,2009/2010,England,Liverpool,0.927761615565354,0.8,"(0.2980392156862745, 0.4470588235294118, 0.6901960784313725)"
102,2009/2010,England,West Ham,0.9875167425920465,0.8,"(0.2980392156862745, 0.4470588235294118, 0.6901960784313725)"
103,2009/2010,England,Wigan,0.9785824057175755,0.8,"(0.2980392156862745, 0.4470588235294118, 0.6901960784313725)"
104,2009/2010,England,Aston Villa,1.0016296769066744,0.8,"(0.2980392156862745, 0.4470588235294118, 0.6901960784313725)"
105,2009/2010,England,Manchester City,0.9675647265214296,0.8,"(0.2980392156862745, 0.4470588235294118, 0.6901960784313725)"
106,2009/2010,England,Everton,0.9956141887329434,0.8,"(0.2980392156862745, 0.4470588235294118, 0.6901960784313725)"
107,2009/2010,England,Blackburn,0.9981612628113912,0.8,"(0.2980392156862745, 0.4470588235294118, 0.6901960784313725)"
108,2009/2010,England,Tottenham,0.9706627751991919,0.8,"(0.2980392156862745, 0.4470588235294118, 0.6901960784313725)"
109,2009/2010,England,Bolton,0.9836926528251435,0.8,"(0.2980392156862745, 0.4470588235294118, 0.6901960784313725)"
110,2009/2010,England,Stoke,0.989907762710276,0.8,"(0.2980392156862745, 0.4470588235294118, 0.6901960784313725)"
111,2009/2010,England,Hull,0.9540437412672025,0.8,"(0.2980392156862745, 0.4470588235294118, 0.6901960784313725)"
112,2009/2010,England,Fulham,1.0012202994751094,0.8,"(0.2980392156862745, 0.4470588235294118, 0.6901960784313725)"
113,2009/2010,England,Chelsea,0.8137577880085021,0.8,"(0.2980392156862745, 0.4470588235294118, 0.6901960784313725)"
114,2009/2010,England,Portsmouth,0.945158551138141,0.8,"(0.2980392156862745, 0.4470588235294118, 0.6901960784313725)"
115,2009/2010,England,Birmingham,0.9936573925405114,0.8,"(0.2980392156862745, 0.4470588235294118, 0.6901960784313725)"
116,2009/2010,England,Wolverhampton Wanderers,0.9634540337702063,0.8,"(0.2980392156862745, 0.4470588235294118, 0.6901960784313725)"
117,2009/2010,England,Burnley,0.9464287575342365,0.8,"(0.2980392156862745, 0.4470588235294118, 0.6901960784313725)"
118,2009/2010,France,Auxerre,1.0303442336416562,0.9,"(0.3333333333333333, 0.6588235294117647, 0.40784313725490196)"
119,2009/2010,France,Bordeaux,0.9703614179622689,0.9,"(0.3333333333333333, 0.6588235294117647, 0.40784313725490196)"
120,2009/2010,France,Nice,1.0285557041097146,0.9,"(0.3333333333333333, 0.6588235294117647, 0.40784313725490196)"
121,2009/2010,France,Le Mans,1.0112648650109655,0.9,"(0.3333333333333333, 0.6588235294117647, 0.40784313725490196)"
122,2009/2010,France,Lorient,1.0360825852616709,0.9,"(0.3333333333333333, 0.6588235294117647, 0.40784313725490196)"
123,2009/2010,France,Lyon,0.9471065723050353,0.9,"(0.3333333333333333, 0.6588235294117647, 0.40784313725490196)"
124,2009/2010,France,Toulouse,1.0361451147226035,0.9,"(0.3333333333333333, 0.6588235294117647, 0.40784313725490196)"
125,2009/2010,France,Monaco,1.031163937968484,0.9,"(0.3333333333333333, 0.6588235294117647, 0.40784313725490196)"
126,2009/2010,France,Paris Saint Germain,1.0359743814306663,0.9,"(0.3333333333333333, 0.6588235294117647, 0.40784313725490196)"
127,2009/2010,France,Nancy,1.0391949795011466,0.9,"(0.3333333333333333, 0.6588235294117647, 0.40784313725490196)"
128,2009/2010,France,Lille,0.998712433613913,0.9,"(0.3333333333333333, 0.6588235294117647, 0.40784313725490196)"
129,2009/2010,France,Rennes,1.0325956140918036,0.9,"(0.3333333333333333, 0.6588235294117647, 0.40784313725490196)"
130,2009/2010,France,Marseille,0.9581399130051073,0.9,"(0.3333333333333333, 0.6588235294117647, 0.40784313725490196)"
131,2009/2010,France,Sochaux,1.0290330889088695,0.9,"(0.3333333333333333, 0.6588235294117647, 0.40784313725490196)"
132,2009/2010,France,Grenoble,0.9864172662139988,0.9,"(0.3333333333333333, 0.6588235294117647, 0.40784313725490196)"
133,2009/2010,France,Valenciennes,1.0260305472320157,0.9,"(0.3333333333333333, 0.6588235294117647, 0.40784313725490196)"
134,2009/2010,France,Saint-Etienne,1.0310366504237443,0.9,"(0.3333333333333333, 0.6588235294117647, 0.40784313725490196)"
135,2009/2010,France,Lens,1.028333361146858,0.9,"(0.3333333333333333, 0.6588235294117647, 0.40784313725490196)"
136,2009/2010,France,Montpellier,1.0416451064368382,0.9,"(0.3333333333333333, 0.6588235294117647, 0.40784313725490196)"
137,2009/2010,France,Boulogne,0.974740657753156,0.9,"(0.3333333333333333, 0.6588235294117647, 0.40784313725490196)"
138,2009/2010,Germany,Bayern Munich,0.8817467377995699,1.0,"(0.7686274509803922, 0.3058823529411765, 0.3215686274509804)"
139,2009/2010,Germany,Hamburger SV,1.007192549920509,1.0,"(0.7686274509803922, 0.3058823529411765, 0.3215686274509804)"
140,2009/2010,Germany,Bayer Leverkusen,0.9848856818886785,1.0,"(0.7686274509803922, 0.3058823529411765, 0.3215686274509804)"
141,2009/2010,Germany,Borussia Dortmund,1.0188584074082665,1.0,"(0.7686274509803922, 0.3058823529411765, 0.3215686274509804)"
142,2009/2010,Germany,Schalke 04,1.0084437740988097,1.0,"(0.7686274509803922, 0.3058823529411765, 0.3215686274509804)"
143,2009/2010,Germany,Hannover 96,0.9984983196457342,1.0,"(0.7686274509803922, 0.3058823529411765, 0.3215686274509804)"
144,2009/2010,Germany,Wolfsburg,1.0036778569827551,1.0,"(0.7686274509803922, 0.3058823529411765, 0.3215686274509804)"
145,2009/2010,Germany,FC Cologne,1.0036831605831442,1.0,"(0.7686274509803922, 0.3058823529411765, 0.3215686274509804)"
146,2009/2010,Germany,Eintracht Frankfurt,1.0183989330805598,1.0,"(0.7686274509803922, 0.3058823529411765, 0.3215686274509804)"
147,2009/2010,Germany,Hertha Berlin,1.0065846189902061,1.0,"(0.7686274509803922, 0.3058823529411765, 0.3215686274509804)"
148,2009/2010,Germany,Werder Bremen,0.9816466052865662,1.0,"(0.7686274509803922, 0.3058823529411765, 0.3215686274509804)"
149,2009/2010,Germany,Hoffenheim,1.0268865682483597,1.0,"(0.7686274509803922, 0.3058823529411765, 0.3215686274509804)"
150,2009/2010,Germany,Borussia Moenchengladbach,1.0050257019894158,1.0,"(0.7686274509803922, 0.3058823529411765, 0.3215686274509804)"
151,2009/2010,Germany,VfB Stuttgart,1.0180609074993465,1.0,"(0.7686274509803922, 0.3058823529411765, 0.3215686274509804)"
152,2009/2010,Germany,Bochum,0.9947518869653225,1.0,"(0.7686274509803922, 0.3058823529411765, 0.3215686274509804)"
153,2009/2010,Germany,Freiburg,0.9957429993866652,1.0,"(0.7686274509803922, 0.3058823529411765, 0.3215686274509804)"
154,2009/2010,Germany,Nuernberg,1.0000279455157493,1.0,"(0.7686274509803922, 0.3058823529411765, 0.3215686274509804)"
155,2009/2010,Germany,Mainz 05,1.0061498439008962,1.0,"(0.7686274509803922, 0.3058823529411765, 0.3215686274509804)"
156,2009/2010,Italy,Atalanta,1.0179355118965747,1.1,"(0.5058823529411764, 0.4470588235294118, 0.6980392156862745)"
157,2009/2010,Italy,Robur Siena,0.9864328462034181,1.1,"(0.5058823529411764, 0.4470588235294118, 0.6980392156862745)"
158,2009/2010,Italy,Cagliari,1.0182227876563814,1.1,"(0.5058823529411764, 0.4470588235294118, 0.6980392156862745)"
159,2009/2010,Italy,Lazio,1.0365179797964352,1.1,"(0.5058823529411764, 0.4470588235294118, 0.6980392156862745)"
160,2009/2010,Italy,Catania,1.0091173961290927,1.1,"(0.5058823529411764, 0.4470588235294118, 0.6980392156862745)"
161,2009/2010,Italy,Genoa,1.0401723771286526,1.1,"(0.5058823529411764, 0.4470588235294118, 0.6980392156862745)"
162,2009/2010,Italy,Chievo,1.0077596322609714,1.1,"(0.5058823529411764, 0.4470588235294118, 0.6980392156862745)"
163,2009/2010,Italy,Fiorentina,1.0257934594601594,1.1,"(0.5058823529411764, 0.4470588235294118, 0.6980392156862745)"
164,2009/2010,Italy,Juventus,0.9832470947106445,1.1,"(0.5058823529411764, 0.4470588235294118, 0.6980392156862745)"
165,2009/2010,Italy,AC Milan,0.9813197812137083,1.1,"(0.5058823529411764, 0.4470588235294118, 0.6980392156862745)"
166,2009/2010,Italy,Bologna,1.00216909139205,1.1,"(0.5058823529411764, 0.4470588235294118, 0.6980392156862745)"
167,2009/2010,Italy,Roma,0.9900594292912777,1.1,"(0.5058823529411764, 0.4470588235294118, 0.6980392156862745)"
168,2009/2010,Italy,SSC Napoli,1.016531982623229,1.1,"(0.5058823529411764, 0.4470588235294118, 0.6980392156862745)"
169,2009/2010,Italy,Sampdoria,1.0232626241768406,1.1,"(0.5058823529411764, 0.4470588235294118, 0.6980392156862745)"
170,2009/2010,Italy,Inter,0.9070081136443318,1.1,"(0.5058823529411764, 0.4470588235294118, 0.6980392156862745)"
171,2009/2010,Italy,Udinese,1.0377196399726767,1.1,"(0.5058823529411764, 0.4470588235294118, 0.6980392156862745)"
172,2009/2010,Italy,Palermo,1.0236379392575312,1.1,"(0.5058823529411764, 0.4470588235294118, 0.6980392156862745)"
173,2009/2010,Italy,Bari,1.0262599559125163,1.1,"(0.5058823529411764, 0.4470588235294118, 0.6980392156862745)"
174,2009/2010,Italy,Livorno,0.9812464590827537,1.1,"(0.5058823529411764, 0.4470588235294118, 0.6980392156862745)"
175,2009/2010,Italy,Parma,1.0171715569819562,1.1,"(0.5058823529411764, 0.4470588235294118, 0.6980392156862745)"
176,2009/2010,Spain,Valencia,0.9885244108552488,1.2,"(0.8, 0.7254901960784313, 0.4549019607843137)"
177,2009/2010,Spain,Mallorca,1.0097838743848033,1.2,"(0.8, 0.7254901960784313, 0.4549019607843137)"
178,2009/2010,Spain,Osasuna,1.0186961314849463,1.2,"(0.8, 0.7254901960784313, 0.4549019607843137)"
179,2009/2010,Spain,Villarreal,1.0045762234794522,1.2,"(0.8, 0.7254901960784313, 0.4549019607843137)"
180,2009/2010,Spain,Deportivo La Coruna,1.0317933339241934,1.2,"(0.8, 0.7254901960784313, 0.4549019607843137)"
181,2009/2010,Spain,Real Madrid,0.7933582554485107,1.2,"(0.8, 0.7254901960784313, 0.4549019607843137)"
182,2009/2010,Spain,Barcelona,0.7433828900719734,1.2,"(0.8, 0.7254901960784313, 0.4549019607843137)"
183,2009/2010,Spain,Racing Santander,1.0097774329020603,1.2,"(0.8, 0.7254901960784313, 0.4549019607843137)"
184,2009/2010,Spain,Sevilla,0.9688115009189916,1.2,"(0.8, 0.7254901960784313, 0.4549019607843137)"
185,2009/2010,Spain,Sporting Gijon,0.9876916184083919,1.2,"(0.8, 0.7254901960784313, 0.4549019607843137)"
186,2009/2010,Spain,Getafe,1.0203958309210819,1.2,"(0.8, 0.7254901960784313, 0.4549019607843137)"
187,2009/2010,Spain,Espanyol,1.0091340591734315,1.2,"(0.8, 0.7254901960784313, 0.4549019607843137)"
188,2009/2010,Spain,Valladolid,0.9987613231289307,1.2,"(0.8, 0.7254901960784313, 0.4549019607843137)"
189,2009/2010,Spain,Athletic Bilbao,1.018788831163264,1.2,"(0.8, 0.7254901960784313, 0.4549019607843137)"
190,2009/2010,Spain,Almeria,0.9963659591410317,1.2,"(0.8, 0.7254901960784313, 0.4549019607843137)"
191,2009/2010,Spain,Atletico Madrid,1.0084894579053263,1.2,"(0.8, 0.7254901960784313, 0.4549019607843137)"
192,2009/2010,Spain,Malaga,0.996338936150924,1.2,"(0.8, 0.7254901960784313, 0.4549019607843137)"
193,2009/2010,Spain,Xerez,0.9593922300906783,1.2,"(0.8, 0.7254901960784313, 0.4549019607843137)"
194,2009/2010,Spain,Zaragoza,1.004250609854796,1.2,"(0.8, 0.7254901960784313, 0.4549019607843137)"
195,2009/2010,Spain,Tenerife,0.9988295077245634,1.2,"(0.8, 0.7254901960784313, 0.4549019607843137)"
196,2010/2011,England,Manchester United,0.8978914708723668,1.8,"(0.2980392156862745, 0.4470588235294118, 0.6901960784313725)"
197,2010/2011,England,Newcastle United,1.0102845943883878,1.8,"(0.2980392156862745, 0.4470588235294118, 0.6901960784313725)"
198,2010/2011,England,Arsenal,0.9013732088657317,1.8,"(0.2980392156862745, 0.4470588235294118, 0.6901960784313725)"
199,2010/2011,England,West Bromwich Albion,1.0032869640303763,1.8,"(0.2980392156862745, 0.4470588235294118, 0.6901960784313725)"
200,2010/2011,England,Sunderland,1.021957699400027,1.8,"(0.2980392156862745, 0.4470588235294118, 0.6901960784313725)"
201,2010/2011,England,Liverpool,0.9966417759325272,1.8,"(0.2980392156862745, 0.4470588235294118, 0.6901960784313725)"
202,2010/2011,England,West Ham,0.992444227460627,1.8,"(0.2980392156862745, 0.4470588235294118, 0.6901960784313725)"
203,2010/2011,England,Wigan,0.9791641123738772,1.8,"(0.2980392156862745, 0.4470588235294118, 0.6901960784313725)"
204,2010/2011,England,Aston Villa,1.0239039571610813,1.8,"(0.2980392156862745, 0.4470588235294118, 0.6901960784313725)"
205,2010/2011,England,Manchester City,0.9730253758666025,1.8,"(0.2980392156862745, 0.4470588235294118, 0.6901960784313725)"
206,2010/2011,England,Everton,1.0135356643174807,1.8,"(0.2980392156862745, 0.4470588235294118, 0.6901960784313725)"
207,2010/2011,England,Blackburn,1.0030152764886011,1.8,"(0.2980392156862745, 0.4470588235294118, 0.6901960784313725)"
208,2010/2011,England,Tottenham,1.0014971401390522,1.8,"(0.2980392156862745, 0.4470588235294118, 0.6901960784313725)"
209,2010/2011,England,Bolton,1.0128859683675926,1.8,"(0.2980392156862745, 0.4470588235294118, 0.6901960784313725)"
210,2010/2011,England,Stoke,1.0104093484264502,1.8,"(0.2980392156862745, 0.4470588235294118, 0.6901960784313725)"
211,2010/2011,England,Fulham,1.0157581087638656,1.8,"(0.2980392156862745, 0.4470588235294118, 0.6901960784313725)"
212,2010/2011,England,Chelsea,0.8478680112765321,1.8,"(0.2980392156862745, 0.4470588235294118, 0.6901960784313725)"
213,2010/2011,England,Birmingham,1.0084228001350746,1.8,"(0.2980392156862745, 0.4470588235294118, 0.6901960784313725)"
214,2010/2011,England,Wolverhampton Wanderers,0.9890810688636297,1.8,"(0.2980392156862745, 0.4470588235294118, 0.6901960784313725)"
215,2010/2011,England,Blackpool,0.9603246481587424,1.8,"(0.2980392156862745, 0.4470588235294118, 0.6901960784313725)"
216,2010/2011,France,Auxerre,1.0488484532047684,1.9,"(0.3333333333333333, 0.6588235294117647, 0.40784313725490196)"
217,2010/2011,France,Bordeaux,1.0357069236272327,1.9,"(0.3333333333333333, 0.6588235294117647, 0.40784313725490196)"
218,2010/2011,France,Caen,1.0319190371040317,1.9,"(0.3333333333333333, 0.6588235294117647, 0.40784313725490196)"
219,2010/2011,France,Nice,1.0299887149822353,1.9,"(0.3333333333333333, 0.6588235294117647, 0.40784313725490196)"
220,2010/2011,France,Lorient,1.050810215106754,1.9,"(0.3333333333333333, 0.6588235294117647, 0.40784313725490196)"
221,2010/2011,France,Lyon,0.9874669254883817,1.9,"(0.3333333333333333, 0.6588235294117647, 0.40784313725490196)"
222,2010/2011,France,Toulouse,1.0383286613629557,1.9,"(0.3333333333333333, 0.6588235294117647, 0.40784313725490196)"
223,2010/2011,France,Monaco,1.0458372761793633,1.9,"(0.3333333333333333, 0.6588235294117647, 0.40784313725490196)"
224,2010/2011,France,Paris Saint Germain,1.0198176806120447,1.9,"(0.3333333333333333, 0.6588235294117647, 0.40784313725490196)"
225,2010/2011,France,Nancy,1.0331644262880606,1.9,"(0.3333333333333333, 0.6588235294117647, 0.40784313725490196)"
226,2010/2011,France,Lille,0.9922912970606843,1.9,"(0.3333333333333333, 0.6588235294117647, 0.40784313725490196)"
227,2010/2011,France,Rennes,1.046763036407001,1.9,"(0.3333333333333333, 0.6588235294117647, 0.40784313725490196)"
228,2010/2011,France,Marseille,0.9868807306030536,1.9,"(0.3333333333333333, 0.6588235294117647, 0.40784313725490196)"
229,2010/2011,France,Sochaux,1.038811438472933,1.9,"(0.3333333333333333, 0.6588235294117647, 0.40784313725490196)"
230,2010/2011,France,Valenciennes,1.042214945013847,1.9,"(0.3333333333333333, 0.6588235294117647, 0.40784313725490196)"
231,2010/2011,France,Saint-Etienne,1.042571970383202,1.9,"(0.3333333333333333, 0.6588235294117647, 0.40784313725490196)"
232,2010/2011,France,Lens,1.0289643243297917,1.9,"(0.3333333333333333, 0.6588235294117647, 0.40784313725490196)"
233,2010/2011,France,Montpellier,1.04777534810702,1.9,"(0.3333333333333333, 0.6588235294117647, 0.40784313725490196)"
234,2010/2011,France,Arles-Avignon,0.9373510806544606,1.9,"(0.3333333333333333, 0.6588235294117647, 0.40784313725490196)"
235,2010/2011,France,Brest,1.0394018684101567,1.9,"(0.3333333333333333, 0.6588235294117647, 0.40784313725490196)"
236,2010/2011,Germany,Bayern Munich,0.8964411685810767,2.0,"(0.7686274509803922, 0.3058823529411765, 0.3215686274509804)"
237,2010/2011,Germany,Hamburger SV,1.0373114997123234,2.0,"(0.7686274509803922, 0.3058823529411765, 0.3215686274509804)"
238,2010/2011,Germany,Bayer Leverkusen,1.0008766830708877,2.0,"(0.7686274509803922, 0.3058823529411765, 0.3215686274509804)"
239,2010/2011,Germany,Borussia Dortmund,0.9712204104341984,2.0,"(0.7686274509803922, 0.3058823529411765, 0.3215686274509804)"
240,2010/2011,Germany,Schalke 04,1.0333456573675688,2.0,"(0.7686274509803922, 0.3058823529411765, 0.3215686274509804)"
241,2010/2011,Germany,Hannover 96,1.0321690369101137,2.0,"(0.7686274509803922, 0.3058823529411765, 0.3215686274509804)"
242,2010/2011,Germany,Wolfsburg,1.037343905517255,2.0,"(0.7686274509803922, 0.3058823529411765, 0.3215686274509804)"
243,2010/2011,Germany,FC Cologne,1.0178609392212388,2.0,"(0.7686274509803922, 0.3058823529411765, 0.3215686274509804)"
244,2010/2011,Germany,Eintracht Frankfurt,1.0424271376972742,2.0,"(0.7686274509803922, 0.3058823529411765, 0.3215686274509804)"
245,2010/2011,Germany,Werder Bremen,1.0337025507691362,2.0,"(0.7686274509803922, 0.3058823529411765, 0.3215686274509804)"
246,2010/2011,Germany,Hoffenheim,1.0371553662876085,2.0,"(0.7686274509803922, 0.3058823529411765, 0.3215686274509804)"
247,2010/2011,Germany,Borussia Moenchengladbach,1.0143034742340955,2.0,"(0.7686274509803922, 0.3058823529411765, 0.3215686274509804)"
248,2010/2011,Germany,VfB Stuttgart,1.0399697642493508,2.0,"(0.7686274509803922, 0.3058823529411765, 0.3215686274509804)"
249,2010/2011,Germany,Freiburg,1.0139235411208996,2.0,"(0.7686274509803922, 0.3058823529411765, 0.3215686274509804)"
250,2010/2011,Germany,Nuernberg,1.0229387825269072,2.0,"(0.7686274509803922, 0.3058823529411765, 0.3215686274509804)"
251,2010/2011,Germany,Mainz 05,1.0372158941082967,2.0,"(0.7686274509803922, 0.3058823529411765, 0.3215686274509804)"
252,2010/2011,Germany,Kaiserslautern,1.025758771765447,2.0,"(0.7686274509803922, 0.3058823529411765, 0.3215686274509804)"
253,2010/2011,Germany,St. Pauli,0.9998008782317607,2.0,"(0.7686274509803922, 0.3058823529411765, 0.3215686274509804)"
254,2010/2011,Italy,Cagliari,1.0289280477828766,2.1,"(0.5058823529411764, 0.4470588235294118, 0.6980392156862745)"
255,2010/2011,Italy,Lazio,1.0324361120353367,2.1,"(0.5058823529411764, 0.4470588235294118, 0.6980392156862745)"
256,2010/2011,Italy,Catania,1.0115967709722924,2.1,"(0.5058823529411764, 0.4470588235294118, 0.6980392156862745)"
257,2010/2011,Italy,Genoa,1.038892643369499,2.1,"(0.5058823529411764, 0.4470588235294118, 0.6980392156862745)"
258,2010/2011,Italy,Chievo,1.0222760115167455,2.1,"(0.5058823529411764, 0.4470588235294118, 0.6980392156862745)"
259,2010/2011,Italy,Fiorentina,1.0358416772583343,2.1,"(0.5058823529411764, 0.4470588235294118, 0.6980392156862745)"
260,2010/2011,Italy,Juventus,1.002700844700497,2.1,"(0.5058823529411764, 0.4470588235294118, 0.6980392156862745)"
261,2010/2011,Italy,AC Milan,0.9487173366740034,2.1,"(0.5058823529411764, 0.4470588235294118, 0.6980392156862745)"
262,2010/2011,Italy,Bologna,0.9948572250437587,2.1,"(0.5058823529411764, 0.4470588235294118, 0.6980392156862745)"
263,2010/2011,Italy,Roma,0.9967572699873152,2.1,"(0.5058823529411764, 0.4470588235294118, 0.6980392156862745)"
264,2010/2011,Italy,SSC Napoli,1.0110574758078104,2.1,"(0.5058823529411764, 0.4470588235294118, 0.6980392156862745)"
265,2010/2011,Italy,Sampdoria,1.0216092560958503,2.1,"(0.5058823529411764, 0.4470588235294118, 0.6980392156862745)"
266,2010/2011,Italy,Inter,0.9708116263225623,2.1,"(0.5058823529411764, 0.4470588235294118, 0.6980392156862745)"
267,2010/2011,Italy,Lecce,0.9880274680680932,2.1,"(0.5058823529411764, 0.4470588235294118, 0.6980392156862745)"
268,2010/2011,Italy,Udinese,1.0132965394465483,2.1,"(0.5058823529411764, 0.4470588235294118, 0.6980392156862745)"
269,2010/2011,Italy,Palermo,1.0259899104879207,2.1,"(0.5058823529411764, 0.4470588235294118, 0.6980392156862745)"
270,2010/2011,Italy,Bari,0.9781283472278479,2.1,"(0.5058823529411764, 0.4470588235294118, 0.6980392156862745)"
271,2010/2011,Italy,Parma,1.0276472206164153,2.1,"(0.5058823529411764, 0.4470588235294118, 0.6980392156862745)"
272,2010/2011,Italy,Cesena,0.9981102685282913,2.1,"(0.5058823529411764, 0.4470588235294118, 0.6980392156862745)"
273,2010/2011,Italy,Brescia,0.9882187546106083,2.1,"(0.5058823529411764, 0.4470588235294118, 0.6980392156862745)"
274,2010/2011,Spain,Valencia,0.9915758623927996,2.2,"(0.8, 0.7254901960784313, 0.4549019607843137)"
275,2010/2011,Spain,Mallorca,1.0118719222095212,2.2,"(0.8, 0.7254901960784313, 0.4549019607843137)"
276,2010/2011,Spain,Osasuna,1.0077610649390032,2.2,"(0.8, 0.7254901960784313, 0.4549019607843137)"
277,2010/2011,Spain,Villarreal,0.9955760064549972,2.2,"(0.8, 0.7254901960784313, 0.4549019607843137)"
278,2010/2011,Spain,Deportivo La Coruna,1.012612633573634,2.2,"(0.8, 0.7254901960784313, 0.4549019607843137)"
279,2010/2011,Spain,Real Madrid,0.7683607188642045,2.2,"(0.8, 0.7254901960784313, 0.4549019607843137)"
280,2010/2011,Spain,Barcelona,0.7146786027794035,2.2,"(0.8, 0.7254901960784313, 0.4549019607843137)"
281,2010/2011,Spain,Racing Santander,0.9963618094250806,2.2,"(0.8, 0.7254901960784313, 0.4549019607843137)"
282,2010/2011,Spain,Sevilla,0.9978253274053152,2.2,"(0.8, 0.7254901960784313, 0.4549019607843137)"
283,2010/2011,Spain,Sporting Gijon,0.9877798873422735,2.2,"(0.8, 0.7254901960784313, 0.4549019607843137)"
284,2010/2011,Spain,Getafe,1.0100988870335839,2.2,"(0.8, 0.7254901960784313, 0.4549019607843137)"
285,2010/2011,Spain,Espanyol,1.0144699354597762,2.2,"(0.8, 0.7254901960784313, 0.4549019607843137)"
286,2010/2011,Spain,Athletic Bilbao,1.0145986941657879,2.2,"(0.8, 0.7254901960784313, 0.4549019607843137)"
287,2010/2011,Spain,Almeria,0.9872888592457564,2.2,"(0.8, 0.7254901960784313, 0.4549019607843137)"
288,2010/2011,Spain,Atletico Madrid,0.9987655797986653,2.2,"(0.8, 0.7254901960784313, 0.4549019607843137)"
289,2010/2011,Spain,Malaga,1.0068587580100934,2.2,"(0.8, 0.7254901960784313, 0.4549019607843137)"
290,2010/2011,Spain,Zaragoza,0.9990517004466486,2.2,"(0.8, 0.7254901960784313, 0.4549019607843137)"
291,2010/2011,Spain,Hercules,0.9899512288272179,2.2,"(0.8, 0.7254901960784313, 0.4549019607843137)"
292,2010/2011,Spain,Levante,0.9794710229685064,2.2,"(0.8, 0.7254901960784313, 0.4549019607843137)"
293,2010/2011,Spain,Real Sociedad,1.0109162921292931,2.2,"(0.8, 0.7254901960784313, 0.4549019607843137)"
294,2011/2012,England,Manchester United,0.8585283502030376,2.8,"(0.2980392156862745, 0.4470588235294118, 0.6901960784313725)"
295,2011/2012,England,Newcastle United,1.0129148241455856,2.8,"(0.2980392156862745, 0.4470588235294118, 0.6901960784313725)"
296,2011/2012,England,Arsenal,0.9388159786178649,2.8,"(0.2980392156862745, 0.4470588235294118, 0.6901960784313725)"
297,2011/2012,England,West Bromwich Albion,1.013223227774851,2.8,"(0.2980392156862745, 0.4470588235294118, 0.6901960784313725)"
298,2011/2012,England,Sunderland,1.0181695764164227,2.8,"(0.2980392156862745, 0.4470588235294118, 0.6901960784313725)"
299,2011/2012,England,Liverpool,0.9734177726587464,2.8,"(0.2980392156862745, 0.4470588235294118, 0.6901960784313725)"
300,2011/2012,England,Wigan,0.9638747012385672,2.8,"(0.2980392156862745, 0.4470588235294118, 0.6901960784313725)"
301,2011/2012,England,Aston Villa,1.0130679100728301,2.8,"(0.2980392156862745, 0.4470588235294118, 0.6901960784313725)"
302,2011/2012,England,Manchester City,0.8635980359675145,2.8,"(0.2980392156862745, 0.4470588235294118, 0.6901960784313725)"
303,2011/2012,England,Everton,1.0050171009495168,2.8,"(0.2980392156862745, 0.4470588235294118, 0.6901960784313725)"
304,2011/2012,England,Blackburn,0.979686186318798,2.8,"(0.2980392156862745, 0.4470588235294118, 0.6901960784313725)"
305,2011/2012,England,Tottenham,0.9737575615835069,2.8,"(0.2980392156862745, 0.4470588235294118, 0.6901960784313725)"
306,2011/2012,England,Bolton,0.9767946850698522,2.8,"(0.2980392156862745, 0.4470588235294118, 0.6901960784313725)"
307,2011/2012,England,Stoke,1.0047662003175846,2.8,"(0.2980392156862745, 0.4470588235294118, 0.6901960784313725)"
308,2011/2012,England,Fulham,1.016075932292084,2.8,"(0.2980392156862745, 0.4470588235294118, 0.6901960784313725)"
309,2011/2012,England,Chelsea,0.9042362819683323,2.8,"(0.2980392156862745, 0.4470588235294118, 0.6901960784313725)"
310,2011/2012,England,Wolverhampton Wanderers,0.9438665595446856,2.8,"(0.2980392156862745, 0.4470588235294118, 0.6901960784313725)"
311,2011/2012,England,Swansea,0.9901783875373544,2.8,"(0.2980392156862745, 0.4470588235294118, 0.6901960784313725)"
312,2011/2012,England,Queens Park Rangers,0.9735390356513528,2.8,"(0.2980392156862745, 0.4470588235294118, 0.6901960784313725)"
313,2011/2012,England,Norwich,0.9810493353116954,2.8,"(0.2980392156862745, 0.4470588235294118, 0.6901960784313725)"
314,2011/2012,France,Auxerre,1.0452140798445908,2.9,"(0.3333333333333333, 0.6588235294117647, 0.40784313725490196)"
315,2011/2012,France,Bordeaux,1.0424044318462815,2.9,"(0.3333333333333333, 0.6588235294117647, 0.40784313725490196)"
316,2011/2012,France,Caen,1.0351757438372318,2.9,"(0.3333333333333333, 0.6588235294117647, 0.40784313725490196)"
317,2011/2012,France,Nice,1.036289003467589,2.9,"(0.3333333333333333, 0.6588235294117647, 0.40784313725490196)"
318,2011/2012,France,Lorient,1.037824275394706,2.9,"(0.3333333333333333, 0.6588235294117647, 0.40784313725490196)"
319,2011/2012,France,Lyon,0.997417437771318,2.9,"(0.3333333333333333, 0.6588235294117647, 0.40784313725490196)"
320,2011/2012,France,Toulouse,1.0482127984005603,2.9,"(0.3333333333333333, 0.6588235294117647, 0.40784313725490196)"
321,2011/2012,France,Paris Saint Germain,0.97604003462296,2.9,"(0.3333333333333333, 0.6588235294117647, 0.40784313725490196)"
322,2011/2012,France,Nancy,1.0332964566564276,2.9,"(0.3333333333333333, 0.6588235294117647, 0.40784313725490196)"
323,2011/2012,France,Lille,0.9840110012874298,2.9,"(0.3333333333333333, 0.6588235294117647, 0.40784313725490196)"
324,2011/2012,France,Rennes,1.0406313686410071,2.9,"(0.3333333333333333, 0.6588235294117647, 0.40784313725490196)"
325,2011/2012,France,Marseille,1.0129127968624698,2.9,"(0.3333333333333333, 0.6588235294117647, 0.40784313725490196)"
326,2011/2012,France,Sochaux,1.0233246648378993,2.9,"(0.3333333333333333, 0.6588235294117647, 0.40784313725490196)"
327,2011/2012,France,Valenciennes,1.043559113388276,2.9,"(0.3333333333333333, 0.6588235294117647, 0.40784313725490196)"
328,2011/2012,France,Saint-Etienne,1.0435684823775153,2.9,"(0.3333333333333333, 0.6588235294117647, 0.40784313725490196)"
329,2011/2012,France,Montpellier,1.0187544987027497,2.9,"(0.3333333333333333, 0.6588235294117647, 0.40784313725490196)"
330,2011/2012,France,Brest,1.036216921667066,2.9,"(0.3333333333333333, 0.6588235294117647, 0.40784313725490196)"
331,2011/2012,France,AC Ajaccio,0.9914020591045875,2.9,"(0.3333333333333333, 0.6588235294117647, 0.40784313725490196)"
332,2011/2012,France,Evian Thonon Gaillard,1.0329750171281262,2.9,"(0.3333333333333333, 0.6588235294117647, 0.40784313725490196)"
333,2011/2012,France,Dijon,1.0150105474984534,2.9,"(0.3333333333333333, 0.6588235294117647, 0.40784313725490196)"
334,2011/2012,Germany,Bayern Munich,0.8112396037572187,3.0,"(0.7686274509803922, 0.3058823529411765, 0.3215686274509804)"
335,2011/2012,Germany,Hamburger SV,1.040718271858301,3.0,"(0.7686274509803922, 0.3058823529411765, 0.3215686274509804)"
336,2011/2012,Germany,Bayer Leverkusen,1.0126099781782976,3.0,"(0.7686274509803922, 0.3058823529411765, 0.3215686274509804)"
337,2011/2012,Germany,Borussia Dortmund,0.9013809072858388,3.0,"(0.7686274509803922, 0.3058823529411765, 0.3215686274509804)"
338,2011/2012,Germany,Schalke 04,1.0184879496815629,3.0,"(0.7686274509803922, 0.3058823529411765, 0.3215686274509804)"
339,2011/2012,Germany,Hannover 96,1.0244384119315302,3.0,"(0.7686274509803922, 0.3058823529411765, 0.3215686274509804)"
340,2011/2012,Germany,Wolfsburg,1.034417363691018,3.0,"(0.7686274509803922, 0.3058823529411765, 0.3215686274509804)"
341,2011/2012,Germany,FC Cologne,0.9957691610278784,3.0,"(0.7686274509803922, 0.3058823529411765, 0.3215686274509804)"
342,2011/2012,Germany,Hertha Berlin,1.0169693411632514,3.0,"(0.7686274509803922, 0.3058823529411765, 0.3215686274509804)"
343,2011/2012,Germany,Werder Bremen,1.032572198490906,3.0,"(0.7686274509803922, 0.3058823529411765, 0.3215686274509804)"
344,2011/2012,Germany,Hoffenheim,1.0279184928548684,3.0,"(0.7686274509803922, 0.3058823529411765, 0.3215686274509804)"
345,2011/2012,Germany,Borussia Moenchengladbach,1.034693205533856,3.0,"(0.7686274509803922, 0.3058823529411765, 0.3215686274509804)"
346,2011/2012,Germany,VfB Stuttgart,1.028735091253543,3.0,"(0.7686274509803922, 0.3058823529411765, 0.3215686274509804)"
347,2011/2012,Germany,Freiburg,1.006696921683185,3.0,"(0.7686274509803922, 0.3058823529411765, 0.3215686274509804)"
348,2011/2012,Germany,Nuernberg,1.0237232207263092,3.0,"(0.7686274509803922, 0.3058823529411765, 0.3215686274509804)"
349,2011/2012,Germany,Mainz 05,1.0287070627079884,3.0,"(0.7686274509803922, 0.3058823529411765, 0.3215686274509804)"
350,2011/2012,Germany,Kaiserslautern,1.0030476979615717,3.0,"(0.7686274509803922, 0.3058823529411765, 0.3215686274509804)"
351,2011/2012,Germany,Augsburg,0.9828761487537108,3.0,"(0.7686274509803922, 0.3058823529411765, 0.3215686274509804)"
352,2011/2012,Italy,Atalanta,1.03346540012197,3.1,"(0.5058823529411764, 0.4470588235294118, 0.6980392156862745)"
353,2011/2012,Italy,Robur Siena,1.022430665749364,3.1,"(0.5058823529411764, 0.4470588235294118, 0.6980392156862745)"
354,2011/2012,Italy,Cagliari,1.013141407009806,3.1,"(0.5058823529411764, 0.4470588235294118, 0.6980392156862745)"
355,2011/2012,Italy,Lazio,1.0302163407965175,3.1,"(0.5058823529411764, 0.4470588235294118, 0.6980392156862745)"
356,2011/2012,Italy,Catania,1.0354151319769884,3.1,"(0.5058823529411764, 0.4470588235294118, 0.6980392156862745)"
357,2011/2012,Italy,Genoa,1.022062457234569,3.1,"(0.5058823529411764, 0.4470588235294118, 0.6980392156862745)"
358,2011/2012,Italy,Chievo,1.0304527104801127,3.1,"(0.5058823529411764, 0.4470588235294118, 0.6980392156862745)"
359,2011/2012,Italy,Fiorentina,1.033913656058012,3.1,"(0.5058823529411764, 0.4470588235294118, 0.6980392156862745)"
360,2011/2012,Italy,Juventus,0.908375217566457,3.1,"(0.5058823529411764, 0.4470588235294118, 0.6980392156862745)"
361,2011/2012,Italy,AC Milan,0.9206619798931919,3.1,"(0.5058823529411764, 0.4470588235294118, 0.6980392156862745)"
362,2011/2012,Italy,Bologna,1.0109898181724248,3.1,"(0.5058823529411764, 0.4470588235294118, 0.6980392156862745)"
363,2011/2012,Italy,Roma,1.0048075048419196,3.1,"(0.5058823529411764, 0.4470588235294118, 0.6980392156862745)"
364,2011/2012,Italy,SSC Napoli,0.9942951863455401,3.1,"(0.5058823529411764, 0.4470588235294118, 0.6980392156862745)"
365,2011/2012,Italy,Inter,0.9906763156961096,3.1,"(0.5058823529411764, 0.4470588235294118, 0.6980392156862745)"
366,2011/2012,Italy,Lecce,0.994031268718306,3.1,"(0.5058823529411764, 0.4470588235294118, 0.6980392156862745)"
367,2011/2012,Italy,Udinese,1.0326615064488474,3.1,"(0.5058823529411764, 0.4470588235294118, 0.6980392156862745)"
368,2011/2012,Italy,Palermo,1.0205146564650311,3.1,"(0.5058823529411764, 0.4470588235294118, 0.6980392156862745)"
369,2011/2012,Italy,Parma,1.0263733528968793,3.1,"(0.5058823529411764, 0.4470588235294118, 0.6980392156862745)"
370,2011/2012,Italy,Cesena,0.9771054034971179,3.1,"(0.5058823529411764, 0.4470588235294118, 0.6980392156862745)"
371,2011/2012,Italy,Novara,0.9613550050077428,3.1,"(0.5058823529411764, 0.4470588235294118, 0.6980392156862745)"
372,2011/2012,Spain,Valencia,0.9738274622979153,3.2,"(0.8, 0.7254901960784313, 0.4549019607843137)"
373,2011/2012,Spain,Mallorca,0.9991789101287774,3.2,"(0.8, 0.7254901960784313, 0.4549019607843137)"
374,2011/2012,Spain,Osasuna,0.9979096645696155,3.2,"(0.8, 0.7254901960784313, 0.4549019607843137)"
375,2011/2012,Spain,Villarreal,1.0073679302661678,3.2,"(0.8, 0.7254901960784313, 0.4549019607843137)"
376,2011/2012,Spain,Real Madrid,0.689846794497847,3.2,"(0.8, 0.7254901960784313, 0.4549019607843137)"
377,2011/2012,Spain,Barcelona,0.6334267999747453,3.2,"(0.8, 0.7254901960784313, 0.4549019607843137)"
378,2011/2012,Spain,Racing Santander,0.9576010556425452,3.2,"(0.8, 0.7254901960784313, 0.4549019607843137)"
379,2011/2012,Spain,Sevilla,0.9965208799343476,3.2,"(0.8, 0.7254901960784313, 0.4549019607843137)"
380,2011/2012,Spain,Sporting Gijon,0.9759272996684615,3.2,"(0.8, 0.7254901960784313, 0.4549019607843137)"
381,2011/2012,Spain,Getafe,0.9934213371893396,3.2,"(0.8, 0.7254901960784313, 0.4549019607843137)"
382,2011/2012,Spain,Real Betis,1.0075944120300513,3.2,"(0.8, 0.7254901960784313, 0.4549019607843137)"
383,2011/2012,Spain,Espanyol,0.9987141870910411,3.2,"(0.8, 0.7254901960784313, 0.4549019607843137)"
384,2011/2012,Spain,Athletic Bilbao,0.9863153719888139,3.2,"(0.8, 0.7254901960784313, 0.4549019607843137)"
385,2011/2012,Spain,Atletico Madrid,0.9814929486490878,3.2,"(0.8, 0.7254901960784313, 0.4549019607843137)"
386,2011/2012,Spain,Malaga,0.9852939052104056,3.2,"(0.8, 0.7254901960784313, 0.4549019607843137)"
387,2011/2012,Spain,Zaragoza,0.9656554600104632,3.2,"(0.8, 0.7254901960784313, 0.4549019607843137)"
388,2011/2012,Spain,Levante,0.9924011480476959,3.2,"(0.8, 0.7254901960784313, 0.4549019607843137)"
389,2011/2012,Spain,Real Sociedad,0.9842050585714469,3.2,"(0.8, 0.7254901960784313, 0.4549019607843137)"
390,2011/2012,Spain,Granada,0.9678631076184866,3.2,"(0.8, 0.7254901960784313, 0.4549019607843137)"
391,2011/2012,Spain,Rayo Vallecano,1.0070975970768579,3.2,"(0.8, 0.7254901960784313, 0.4549019607843137)"
392,2012/2013,England,Manchester United,0.8836171604714533,3.8,"(0.2980392156862745, 0.4470588235294118, 0.6901960784313725)"
393,2012/2013,England,Newcastle United,1.0163205514837186,3.8,"(0.2980392156862745, 0.4470588235294118, 0.6901960784313725)"
394,2012/2013,England,Arsenal,0.9527016537141652,3.8,"(0.2980392156862745, 0.4470588235294118, 0.6901960784313725)"
395,2012/2013,England,West Bromwich Albion,1.0173578440233448,3.8,"(0.2980392156862745, 0.4470588235294118, 0.6901960784313725)"
396,2012/2013,England,Sunderland,1.0085501686398808,3.8,"(0.2980392156862745, 0.4470588235294118, 0.6901960784313725)"
397,2012/2013,England,Liverpool,0.9729533231645191,3.8,"(0.2980392156862745, 0.4470588235294118, 0.6901960784313725)"
398,2012/2013,England,West Ham,1.0146921761358687,3.8,"(0.2980392156862745, 0.4470588235294118, 0.6901960784313725)"
399,2012/2013,England,Wigan,1.0049392386412452,3.8,"(0.2980392156862745, 0.4470588235294118, 0.6901960784313725)"
400,2012/2013,England,Aston Villa,0.9917987086695973,3.8,"(0.2980392156862745, 0.4470588235294118, 0.6901960784313725)"
401,2012/2013,England,Manchester City,0.8875410292234434,3.8,"(0.2980392156862745, 0.4470588235294118, 0.6901960784313725)"
402,2012/2013,England,Everton,0.993409517517023,3.8,"(0.2980392156862745, 0.4470588235294118, 0.6901960784313725)"
403,2012/2013,England,Tottenham,0.9916260210681543,3.8,"(0.2980392156862745, 0.4470588235294118, 0.6901960784313725)"
404,2012/2013,England,Stoke,1.012656647771811,3.8,"(0.2980392156862745, 0.4470588235294118, 0.6901960784313725)"
405,2012/2013,England,Fulham,1.011506892673005,3.8,"(0.2980392156862745, 0.4470588235294118, 0.6901960784313725)"
406,2012/2013,England,Chelsea,0.9429242980462136,3.8,"(0.2980392156862745, 0.4470588235294118, 0.6901960784313725)"
407,2012/2013,England,Swansea,1.0134916369294946,3.8,"(0.2980392156862745, 0.4470588235294118, 0.6901960784313725)"
408,2012/2013,England,Queens Park Rangers,0.9811166173887543,3.8,"(0.2980392156862745, 0.4470588235294118, 0.6901960784313725)"
409,2012/2013,England,Norwich,0.9866149333279634,3.8,"(0.2980392156862745, 0.4470588235294118, 0.6901960784313725)"
410,2012/2013,England,Southampton,0.990498117113786,3.8,"(0.2980392156862745, 0.4470588235294118, 0.6901960784313725)"
411,2012/2013,England,Reading,0.9626967170544197,3.8,"(0.2980392156862745, 0.4470588235294118, 0.6901960784313725)"
412,2012/2013,France,Bordeaux,1.0330106962901313,3.9,"(0.3333333333333333, 0.6588235294117647, 0.40784313725490196)"
413,2012/2013,France,Nice,1.043000272797484,3.9,"(0.3333333333333333, 0.6588235294117647, 0.40784313725490196)"
414,2012/2013,France,Lorient,1.0363674650268937,3.9,"(0.3333333333333333, 0.6588235294117647, 0.40784313725490196)"
415,2012/2013,France,Lyon,1.0063641383132405,3.9,"(0.3333333333333333, 0.6588235294117647, 0.40784313725490196)"
416,2012/2013,France,Toulouse,1.0400399507327482,3.9,"(0.3333333333333333, 0.6588235294117647, 0.40784313725490196)"
417,2012/2013,France,Paris Saint Germain,0.8887196428252793,3.9,"(0.3333333333333333, 0.6588235294117647, 0.40784313725490196)"
418,2012/2013,France,Nancy,1.0275429655622847,3.9,"(0.3333333333333333, 0.6588235294117647, 0.40784313725490196)"
419,2012/2013,France,Lille,1.0005532814331346,3.9,"(0.3333333333333333, 0.6588235294117647, 0.40784313725490196)"
420,2012/2013,France,Rennes,1.0494637443153982,3.9,"(0.3333333333333333, 0.6588235294117647, 0.40784313725490196)"
421,2012/2013,France,Marseille,1.0082917504003432,3.9,"(0.3333333333333333, 0.6588235294117647, 0.40784313725490196)"
422,2012/2013,France,Sochaux,1.0075717811327705,3.9,"(0.3333333333333333, 0.6588235294117647, 0.40784313725490196)"
423,2012/2013,France,Valenciennes,1.0305761575228154,3.9,"(0.3333333333333333, 0.6588235294117647, 0.40784313725490196)"
424,2012/2013,France,Saint-Etienne,1.0215328843572204,3.9,"(0.3333333333333333, 0.6588235294117647, 0.40784313725490196)"
425,2012/2013,France,Montpellier,1.0289017609650308,3.9,"(0.3333333333333333, 0.6588235294117647, 0.40784313725490196)"
426,2012/2013,France,Brest,1.0067253749407918,3.9,"(0.3333333333333333, 0.6588235294117647, 0.40784313725490196)"
427,2012/2013,France,AC Ajaccio,1.023040705796958,3.9,"(0.3333333333333333, 0.6588235294117647, 0.40784313725490196)"
428,2012/2013,France,Evian Thonon Gaillard,1.027075300857075,3.9,"(0.3333333333333333, 0.6588235294117647, 0.40784313725490196)"
429,2012/2013,France,Reims,1.0082195134551266,3.9,"(0.3333333333333333, 0.6588235294117647, 0.40784313725490196)"
430,2012/2013,France,SC Bastia,1.0259989204283944,3.9,"(0.3333333333333333, 0.6588235294117647, 0.40784313725490196)"
431,2012/2013,France,Troyes,1.009838928600961,3.9,"(0.3333333333333333, 0.6588235294117647, 0.40784313725490196)"
432,2012/2013,Germany,Bayern Munich,0.7670858317826224,4.0,"(0.7686274509803922, 0.3058823529411765, 0.3215686274509804)"
433,2012/2013,Germany,Hamburger SV,1.026183850873391,4.0,"(0.7686274509803922, 0.3058823529411765, 0.3215686274509804)"
434,2012/2013,Germany,Bayer Leverkusen,0.9907920363427652,4.0,"(0.7686274509803922, 0.3058823529411765, 0.3215686274509804)"
435,2012/2013,Germany,Borussia Dortmund,0.889480998550702,4.0,"(0.7686274509803922, 0.3058823529411765, 0.3215686274509804)"
436,2012/2013,Germany,Schalke 04,0.979587781004255,4.0,"(0.7686274509803922, 0.3058823529411765, 0.3215686274509804)"
437,2012/2013,Germany,Hannover 96,1.0253646129606313,4.0,"(0.7686274509803922, 0.3058823529411765, 0.3215686274509804)"
438,2012/2013,Germany,Wolfsburg,1.0267184750013874,4.0,"(0.7686274509803922, 0.3058823529411765, 0.3215686274509804)"
439,2012/2013,Germany,Eintracht Frankfurt,1.0297766990679895,4.0,"(0.7686274509803922, 0.3058823529411765, 0.3215686274509804)"
440,2012/2013,Germany,Werder Bremen,1.0281883929222035,4.0,"(0.7686274509803922, 0.3058823529411765, 0.3215686274509804)"
441,2012/2013,Germany,Hoffenheim,1.0200091282281618,4.0,"(0.7686274509803922, 0.3058823529411765, 0.3215686274509804)"
442,2012/2013,Germany,Borussia Moenchengladbach,1.0296987317695276,4.0,"(0.7686274509803922, 0.3058823529411765, 0.3215686274509804)"
443,2012/2013,Germany,VfB Stuttgart,1.0260782671314799,4.0,"(0.7686274509803922, 0.3058823529411765, 0.3215686274509804)"
444,2012/2013,Germany,Freiburg,1.0285571443112083,4.0,"(0.7686274509803922, 0.3058823529411765, 0.3215686274509804)"
445,2012/2013,Germany,Nuernberg,1.0142442641844158,4.0,"(0.7686274509803922, 0.3058823529411765, 0.3215686274509804)"
446,2012/2013,Germany,Mainz 05,1.0342747490730224,4.0,"(0.7686274509803922, 0.3058823529411765, 0.3215686274509804)"
447,2012/2013,Germany,Augsburg,1.0084048589368608,4.0,"(0.7686274509803922, 0.3058823529411765, 0.3215686274509804)"
448,2012/2013,Germany,Fortuna Duesseldorf,0.997636704533367,4.0,"(0.7686274509803922, 0.3058823529411765, 0.3215686274509804)"
449,2012/2013,Germany,Greuther Fuerth,0.9826954177472068,4.0,"(0.7686274509803922, 0.3058823529411765, 0.3215686274509804)"
450,2012/2013,Italy,Atalanta,1.028133035835551,4.1,"(0.5058823529411764, 0.4470588235294118, 0.6980392156862745)"
451,2012/2013,Italy,Robur Siena,0.996995119927816,4.1,"(0.5058823529411764, 0.4470588235294118, 0.6980392156862745)"
452,2012/2013,Italy,Cagliari,1.0240095038235337,4.1,"(0.5058823529411764, 0.4470588235294118, 0.6980392156862745)"
453,2012/2013,Italy,Lazio,1.0236110413657502,4.1,"(0.5058823529411764, 0.4470588235294118, 0.6980392156862745)"
454,2012/2013,Italy,Catania,1.027665985628715,4.1,"(0.5058823529411764, 0.4470588235294118, 0.6980392156862745)"
455,2012/2013,Italy,Genoa,1.0110334473659934,4.1,"(0.5058823529411764, 0.4470588235294118, 0.6980392156862745)"
456,2012/2013,Italy,Chievo,1.0231952932068942,4.1,"(0.5058823529411764, 0.4470588235294118, 0.6980392156862745)"
457,2012/2013,Italy,Fiorentina,0.9989656596755805,4.1,"(0.5058823529411764, 0.4470588235294118, 0.6980392156862745)"
458,2012/2013,Italy,Juventus,0.8994322583410486,4.1,"(0.5058823529411764, 0.4470588235294118, 0.6980392156862745)"
459,2012/2013,Italy,AC Milan,0.9598521596542601,4.1,"(0.5058823529411764, 0.4470588235294118, 0.6980392156862745)"
460,2012/2013,Italy,Bologna,1.0342451821849126,4.1,"(0.5058823529411764, 0.4470588235294118, 0.6980392156862745)"
461,2012/2013,Italy,Roma,0.994026667630016,4.1,"(0.5058823529411764, 0.4470588235294118, 0.6980392156862745)"
462,2012/2013,Italy,SSC Napoli,0.9753190776165799,4.1,"(0.5058823529411764, 0.4470588235294118, 0.6980392156862745)"
463,2012/2013,Italy,Sampdoria,1.0215464516099104,4.1,"(0.5058823529411764, 0.4470588235294118, 0.6980392156862745)"
464,2012/2013,Italy,Inter,1.0167549407485865,4.1,"(0.5058823529411764, 0.4470588235294118, 0.6980392156862745)"
465,2012/2013,Italy,Torino,1.032597680333458,4.1,"(0.5058823529411764, 0.4470588235294118, 0.6980392156862745)"
466,2012/2013,Italy,Udinese,1.0309323665099568,4.1,"(0.5058823529411764, 0.4470588235294118, 0.6980392156862745)"
467,2012/2013,Italy,Palermo,1.0248343798379511,4.1,"(0.5058823529411764, 0.4470588235294118, 0.6980392156862745)"
468,2012/2013,Italy,Parma,1.0363628666615459,4.1,"(0.5058823529411764, 0.4470588235294118, 0.6980392156862745)"
469,2012/2013,Italy,Pescara,0.9088658515705136,4.1,"(0.5058823529411764, 0.4470588235294118, 0.6980392156862745)"
470,2012/2013,Spain,Valencia,0.9750690636014318,4.2,"(0.8, 0.7254901960784313, 0.4549019607843137)"
471,2012/2013,Spain,Mallorca,1.0034347057337776,4.2,"(0.8, 0.7254901960784313, 0.4549019607843137)"
472,2012/2013,Spain,Osasuna,1.002097495748652,4.2,"(0.8, 0.7254901960784313, 0.4549019607843137)"
473,2012/2013,Spain,Deportivo La Coruna,0.9996437017181709,4.2,"(0.8, 0.7254901960784313, 0.4549019607843137)"
474,2012/2013,Spain,Real Madrid,0.7680208653003125,4.2,"(0.8, 0.7254901960784313, 0.4549019607843137)"
475,2012/2013,Spain,Barcelona,0.7053042036277993,4.2,"(0.8, 0.7254901960784313, 0.4549019607843137)"
476,2012/2013,Spain,Sevilla,0.9983987658760731,4.2,"(0.8, 0.7254901960784313, 0.4549019607843137)"
477,2012/2013,Spain,Getafe,1.0026377338448311,4.2,"(0.8, 0.7254901960784313, 0.4549019607843137)"
478,2012/2013,Spain,Real Betis,1.0083303910764452,4.2,"(0.8, 0.7254901960784313, 0.4549019607843137)"
479,2012/2013,Spain,Espanyol,0.9994593686738379,4.2,"(0.8, 0.7254901960784313, 0.4549019607843137)"
480,2012/2013,Spain,Valladolid,0.9985504030098082,4.2,"(0.8, 0.7254901960784313, 0.4549019607843137)"
481,2012/2013,Spain,Athletic Bilbao,1.0107942293265961,4.2,"(0.8, 0.7254901960784313, 0.4549019607843137)"
482,2012/2013,Spain,Atletico Madrid,0.9596949882068035,4.2,"(0.8, 0.7254901960784313, 0.4549019607843137)"
483,2012/2013,Spain,Malaga,1.0050885976905495,4.2,"(0.8, 0.7254901960784313, 0.4549019607843137)"
484,2012/2013,Spain,Zaragoza,0.995802008028754,4.2,"(0.8, 0.7254901960784313, 0.4549019607843137)"
485,2012/2013,Spain,Levante,0.9983096664769239,4.2,"(0.8, 0.7254901960784313, 0.4549019607843137)"
486,2012/2013,Spain,Real Sociedad,1.0046153511381137,4.2,"(0.8, 0.7254901960784313, 0.4549019607843137)"
487,2012/2013,Spain,Granada,0.9789023651257245,4.2,"(0.8, 0.7254901960784313, 0.4549019607843137)"
488,2012/2013,Spain,Rayo Vallecano,0.996707398096176,4.2,"(0.8, 0.7254901960784313, 0.4549019607843137)"
489,2012/2013,Spain,Celta Vigo,0.9963957803611286,4.2,"(0.8, 0.7254901960784313, 0.4549019607843137)"
490,2013/2014,England,Manchester United,0.933058520095476,4.8,"(0.2980392156862745, 0.4470588235294118, 0.6901960784313725)"
491,2013/2014,England,Newcastle United,1.004377133614226,4.8,"(0.2980392156862745, 0.4470588235294118, 0.6901960784313725)"
492,2013/2014,England,Arsenal,0.9280791244110971,4.8,"(0.2980392156862745, 0.4470588235294118, 0.6901960784313725)"
493,2013/2014,England,West Bromwich Albion,0.9908351670166184,4.8,"(0.2980392156862745, 0.4470588235294118, 0.6901960784313725)"
494,2013/2014,England,Sunderland,0.9732811336633055,4.8,"(0.2980392156862745, 0.4470588235294118, 0.6901960784313725)"
495,2013/2014,England,Liverpool,0.8856335439067813,4.8,"(0.2980392156862745, 0.4470588235294118, 0.6901960784313725)"
496,2013/2014,England,West Ham,0.9869773988406608,4.8,"(0.2980392156862745, 0.4470588235294118, 0.6901960784313725)"
497,2013/2014,England,Aston Villa,0.9981862160503798,4.8,"(0.2980392156862745, 0.4470588235294118, 0.6901960784313725)"
498,2013/2014,England,Manchester City,0.8360045745508465,4.8,"(0.2980392156862745, 0.4470588235294118, 0.6901960784313725)"
499,2013/2014,England,Everton,0.9845904837413797,4.8,"(0.2980392156862745, 0.4470588235294118, 0.6901960784313725)"
500,2013/2014,England,Tottenham,0.9866494781673074,4.8,"(0.2980392156862745, 0.4470588235294118, 0.6901960784313725)"
501,2013/2014,England,Stoke,0.9906462498353847,4.8,"(0.2980392156862745, 0.4470588235294118, 0.6901960784313725)"
502,2013/2014,England,Hull,0.9810868285407198,4.8,"(0.2980392156862745, 0.4470588235294118, 0.6901960784313725)"
503,2013/2014,England,Fulham,0.9666239741664562,4.8,"(0.2980392156862745, 0.4470588235294118, 0.6901960784313725)"
504,2013/2014,England,Chelsea,0.8702701322042661,4.8,"(0.2980392156862745, 0.4470588235294118, 0.6901960784313725)"
505,2013/2014,England,Swansea,1.0103946882943633,4.8,"(0.2980392156862745, 0.4470588235294118, 0.6901960784313725)"
506,2013/2014,England,Norwich,0.9755806162955845,4.8,"(0.2980392156862745, 0.4470588235294118, 0.6901960784313725)"
507,2013/2014,England,Southampton,1.0101317868898034,4.8,"(0.2980392156862745, 0.4470588235294118, 0.6901960784313725)"
508,2013/2014,England,Crystal Palace,0.9423344089055363,4.8,"(0.2980392156862745, 0.4470588235294118, 0.6901960784313725)"
509,2013/2014,England,Cardiff,0.9608630645052518,4.8,"(0.2980392156862745, 0.4470588235294118, 0.6901960784313725)"
510,2013/2014,France,Nantes,1.0380572104936647,4.9,"(0.3333333333333333, 0.6588235294117647, 0.40784313725490196)"
511,2013/2014,France,Bordeaux,1.0431042482967436,4.9,"(0.3333333333333333, 0.6588235294117647, 0.40784313725490196)"
512,2013/2014,France,Nice,1.0194502386226314,4.9,"(0.3333333333333333, 0.6588235294117647, 0.40784313725490196)"
513,2013/2014,France,Lorient,1.0235900741023851,4.9,"(0.3333333333333333, 0.6588235294117647, 0.40784313725490196)"
514,2013/2014,France,Lyon,1.0205825874276488,4.9,"(0.3333333333333333, 0.6588235294117647, 0.40784313725490196)"
515,2013/2014,France,Toulouse,1.0288441409699498,4.9,"(0.3333333333333333, 0.6588235294117647, 0.40784313725490196)"
516,2013/2014,France,Monaco,0.9418069768863111,4.9,"(0.3333333333333333, 0.6588235294117647, 0.40784313725490196)"
517,2013/2014,France,Paris Saint Germain,0.8047657199542683,4.9,"(0.3333333333333333, 0.6588235294117647, 0.40784313725490196)"
518,2013/2014,France,Lille,1.0079229554080158,4.9,"(0.3333333333333333, 0.6588235294117647, 0.40784313725490196)"
519,2013/2014,France,Rennes,1.040539730158949,4.9,"(0.3333333333333333, 0.6588235294117647, 0.40784313725490196)"
520,2013/2014,France,Marseille,1.0181481767687783,4.9,"(0.3333333333333333, 0.6588235294117647, 0.40784313725490196)"
521,2013/2014,France,Sochaux,1.0041859082980031,4.9,"(0.3333333333333333, 0.6588235294117647, 0.40784313725490196)"
522,2013/2014,France,Valenciennes,1.0121049281691488,4.9,"(0.3333333333333333, 0.6588235294117647, 0.40784313725490196)"
523,2013/2014,France,Saint-Etienne,1.0070568967087978,4.9,"(0.3333333333333333, 0.6588235294117647, 0.40784313725490196)"
524,2013/2014,France,Montpellier,1.0390629326153265,4.9,"(0.3333333333333333, 0.6588235294117647, 0.40784313725490196)"
525,2013/2014,France,AC Ajaccio,0.95573929750191,4.9,"(0.3333333333333333, 0.6588235294117647, 0.40784313725490196)"
526,2013/2014,France,Evian Thonon Gaillard,1.0111210848601377,4.9,"(0.3333333333333333, 0.6588235294117647, 0.40784313725490196)"
527,2013/2014,France,Reims,1.0250009570311782,4.9,"(0.3333333333333333, 0.6588235294117647, 0.40784313725490196)"
528,2013/2014,France,SC Bastia,1.0162144834698075,4.9,"(0.3333333333333333, 0.6588235294117647, 0.40784313725490196)"
529,2013/2014,France,Guingamp,1.0269768238399606,4.9,"(0.3333333333333333, 0.6588235294117647, 0.40784313725490196)"
530,2013/2014,Germany,Bayern Munich,0.6826740792413742,5.0,"(0.7686274509803922, 0.3058823529411765, 0.3215686274509804)"
531,2013/2014,Germany,Hamburger SV,1.013688889080549,5.0,"(0.7686274509803922, 0.3058823529411765, 0.3215686274509804)"
532,2013/2014,Germany,Bayer Leverkusen,0.9730500120300166,5.0,"(0.7686274509803922, 0.3058823529411765, 0.3215686274509804)"
533,2013/2014,Germany,Borussia Dortmund,0.8511724069643314,5.0,"(0.7686274509803922, 0.3058823529411765, 0.3215686274509804)"
534,2013/2014,Germany,Schalke 04,1.001444009433089,5.0,"(0.7686274509803922, 0.3058823529411765, 0.3215686274509804)"
535,2013/2014,Germany,Hannover 96,1.009963773248151,5.0,"(0.7686274509803922, 0.3058823529411765, 0.3215686274509804)"
536,2013/2014,Germany,Wolfsburg,1.0080000074557882,5.0,"(0.7686274509803922, 0.3058823529411765, 0.3215686274509804)"
537,2013/2014,Germany,Eintracht Frankfurt,1.0102859867318148,5.0,"(0.7686274509803922, 0.3058823529411765, 0.3215686274509804)"
538,2013/2014,Germany,Hertha Berlin,1.0218223884299562,5.0,"(0.7686274509803922, 0.3058823529411765, 0.3215686274509804)"
539,2013/2014,Germany,Werder Bremen,0.9941732879702347,5.0,"(0.7686274509803922, 0.3058823529411765, 0.3215686274509804)"
540,2013/2014,Germany,Hoffenheim,1.0268210086702845,5.0,"(0.7686274509803922, 0.3058823529411765, 0.3215686274509804)"
541,2013/2014,Germany,Borussia Moenchengladbach,1.0297525170632487,5.0,"(0.7686274509803922, 0.3058823529411765, 0.3215686274509804)"
542,2013/2014,Germany,VfB Stuttgart,1.0207798629956577,5.0,"(0.7686274509803922, 0.3058823529411765, 0.3215686274509804)"
543,2013/2014,Germany,Freiburg,0.988843739675514,5.0,"(0.7686274509803922, 0.3058823529411765, 0.3215686274509804)"
544,2013/2014,Germany,Nuernberg,0.9881862320878347,5.0,"(0.7686274509803922, 0.3058823529411765, 0.3215686274509804)"
545,2013/2014,Germany,Mainz 05,1.0201766899239302,5.0,"(0.7686274509803922, 0.3058823529411765, 0.3215686274509804)"
546,2013/2014,Germany,Augsburg,1.015339244461518,5.0,"(0.7686274509803922, 0.3058823529411765, 0.3215686274509804)"
547,2013/2014,Germany,Eintracht Braunschweig,0.9573211261896605,5.0,"(0.7686274509803922, 0.3058823529411765, 0.3215686274509804)"
548,2013/2014,Italy,Atalanta,1.013332483031715,5.1,"(0.5058823529411764, 0.4470588235294118, 0.6980392156862745)"
549,2013/2014,Italy,Cagliari,1.0208009662684763,5.1,"(0.5058823529411764, 0.4470588235294118, 0.6980392156862745)"
550,2013/2014,Italy,Lazio,1.0271690448367436,5.1,"(0.5058823529411764, 0.4470588235294118, 0.6980392156862745)"
551,2013/2014,Italy,Catania,0.9934938107599102,5.1,"(0.5058823529411764, 0.4470588235294118, 0.6980392156862745)"
552,2013/2014,Italy,Genoa,1.0093200620080502,5.1,"(0.5058823529411764, 0.4470588235294118, 0.6980392156862745)"
553,2013/2014,Italy,Chievo,1.010663505042801,5.1,"(0.5058823529411764, 0.4470588235294118, 0.6980392156862745)"
554,2013/2014,Italy,Fiorentina,1.0044870990705508,5.1,"(0.5058823529411764, 0.4470588235294118, 0.6980392156862745)"
555,2013/2014,Italy,Juventus,0.8360677262921836,5.1,"(0.5058823529411764, 0.4470588235294118, 0.6980392156862745)"
556,2013/2014,Italy,AC Milan,0.9837115885570809,5.1,"(0.5058823529411764, 0.4470588235294118, 0.6980392156862745)"
557,2013/2014,Italy,Bologna,0.999705786834204,5.1,"(0.5058823529411764, 0.4470588235294118, 0.6980392156862745)"
558,2013/2014,Italy,Roma,0.9407090100271148,5.1,"(0.5058823529411764, 0.4470588235294118, 0.6980392156862745)"
559,2013/2014,Italy,SSC Napoli,0.9567822021508383,5.1,"(0.5058823529411764, 0.4470588235294118, 0.6980392156862745)"
560,2013/2014,Italy,Sampdoria,1.0193841575741718,5.1,"(0.5058823529411764, 0.4470588235294118, 0.6980392156862745)"
561,2013/2014,Italy,Inter,0.9918747094399749,5.1,"(0.5058823529411764, 0.4470588235294118, 0.6980392156862745)"
562,2013/2014,Italy,Torino,1.0207179301242109,5.1,"(0.5058823529411764, 0.4470588235294118, 0.6980392156862745)"
563,2013/2014,Italy,Udinese,1.0323535728827604,5.1,"(0.5058823529411764, 0.4470588235294118, 0.6980392156862745)"
564,2013/2014,Italy,Livorno,0.9743315911801735,5.1,"(0.5058823529411764, 0.4470588235294118, 0.6980392156862745)"
565,2013/2014,Italy,Parma,1.0191038264670444,5.1,"(0.5058823529411764, 0.4470588235294118, 0.6980392156862745)"
566,2013/2014,Italy,Verona,1.0184565821706777,5.1,"(0.5058823529411764, 0.4470588235294118, 0.6980392156862745)"
567,2013/2014,Italy,Sassuolo,0.9828591943116836,5.1,"(0.5058823529411764, 0.4470588235294118, 0.6980392156862745)"
568,2013/2014,Spain,Valencia,0.973883567151123,5.2,"(0.8, 0.7254901960784313, 0.4549019607843137)"
569,2013/2014,Spain,Osasuna,0.9625759219048747,5.2,"(0.8, 0.7254901960784313, 0.4549019607843137)"
570,2013/2014,Spain,Villarreal,0.9851153996670715,5.2,"(0.8, 0.7254901960784313, 0.4549019607843137)"
571,2013/2014,Spain,Real Madrid,0.715362140307024,5.2,"(0.8, 0.7254901960784313, 0.4549019607843137)"
572,2013/2014,Spain,Barcelona,0.6735651664254744,5.2,"(0.8, 0.7254901960784313, 0.4549019607843137)"
573,2013/2014,Spain,Sevilla,0.9831895356988847,5.2,"(0.8, 0.7254901960784313, 0.4549019607843137)"
574,2013/2014,Spain,Getafe,0.9819144693333576,5.2,"(0.8, 0.7254901960784313, 0.4549019607843137)"
575,2013/2014,Spain,Real Betis,0.976289121757882,5.2,"(0.8, 0.7254901960784313, 0.4549019607843137)"
576,2013/2014,Spain,Espanyol,1.0027702324418564,5.2,"(0.8, 0.7254901960784313, 0.4549019607843137)"
577,2013/2014,Spain,Valladolid,0.9823438744578984,5.2,"(0.8, 0.7254901960784313, 0.4549019607843137)"
578,2013/2014,Spain,Athletic Bilbao,0.9837936638895048,5.2,"(0.8, 0.7254901960784313, 0.4549019607843137)"
579,2013/2014,Spain,Almeria,0.9567699500821869,5.2,"(0.8, 0.7254901960784313, 0.4549019607843137)"
580,2013/2014,Spain,Atletico Madrid,0.8533992358450673,5.2,"(0.8, 0.7254901960784313, 0.4549019607843137)"
581,2013/2014,Spain,Malaga,0.9867520138342455,5.2,"(0.8, 0.7254901960784313, 0.4549019607843137)"
582,2013/2014,Spain,Levante,0.9573419030632497,5.2,"(0.8, 0.7254901960784313, 0.4549019607843137)"
583,2013/2014,Spain,Real Sociedad,0.986731681061452,5.2,"(0.8, 0.7254901960784313, 0.4549019607843137)"
584,2013/2014,Spain,Granada,0.9785315538764384,5.2,"(0.8, 0.7254901960784313, 0.4549019607843137)"
585,2013/2014,Spain,Rayo Vallecano,0.9687959137262714,5.2,"(0.8, 0.7254901960784313, 0.4549019607843137)"
586,2013/2014,Spain,Celta Vigo,0.9919000847937591,5.2,"(0.8, 0.7254901960784313, 0.4549019607843137)"
587,2013/2014,Spain,Elche,0.9823647895653792,5.2,"(0.8, 0.7254901960784313, 0.4549019607843137)"
588,2014/2015,England,Manchester United,0.9471780432570368,5.8,"(0.2980392156862745, 0.4470588235294118, 0.6901960784313725)"
589,2014/2015,England,Newcastle United,1.0078610285084781,5.8,"(0.2980392156862745, 0.4470588235294118, 0.6901960784313725)"
590,2014/2015,England,Arsenal,0.9420589499004908,5.8,"(0.2980392156862745, 0.4470588235294118, 0.6901960784313725)"
591,2014/2015,England,West Bromwich Albion,1.0135623765141335,5.8,"(0.2980392156862745, 0.4470588235294118, 0.6901960784313725)"
592,2014/2015,England,Sunderland,1.0017200766575383,5.8,"(0.2980392156862745, 0.4470588235294118, 0.6901960784313725)"
593,2014/2015,England,Liverpool,0.9766249971246982,5.8,"(0.2980392156862745, 0.4470588235294118, 0.6901960784313725)"
594,2014/2015,England,West Ham,1.012810920899185,5.8,"(0.2980392156862745, 0.4470588235294118, 0.6901960784313725)"
595,2014/2015,England,Aston Villa,0.9880089185905855,5.8,"(0.2980392156862745, 0.4470588235294118, 0.6901960784313725)"
596,2014/2015,England,Manchester City,0.8774951414932989,5.8,"(0.2980392156862745, 0.4470588235294118, 0.6901960784313725)"
597,2014/2015,England,Everton,1.017772550347411,5.8,"(0.2980392156862745, 0.4470588235294118, 0.6901960784313725)"
598,2014/2015,England,Tottenham,1.0121083806219275,5.8,"(0.2980392156862745, 0.4470588235294118, 0.6901960784313725)"
599,2014/2015,England,Stoke,1.0169231258360008,5.8,"(0.2980392156862745, 0.4470588235294118, 0.6901960784313725)"
600,2014/2015,England,Hull,0.9964434640102375,5.8,"(0.2980392156862745, 0.4470588235294118, 0.6901960784313725)"
601,2014/2015,England,Chelsea,0.859212798050169,5.8,"(0.2980392156862745, 0.4470588235294118, 0.6901960784313725)"
602,2014/2015,England,Burnley,0.9722237924057995,5.8,"(0.2980392156862745, 0.4470588235294118, 0.6901960784313725)"
603,2014/2015,England,Swansea,1.011085519345105,5.8,"(0.2980392156862745, 0.4470588235294118, 0.6901960784313725)"
604,2014/2015,England,Queens Park Rangers,0.9616704253024279,5.8,"(0.2980392156862745, 0.4470588235294118, 0.6901960784313725)"
605,2014/2015,England,Southampton,1.0049139500740503,5.8,"(0.2980392156862745, 0.4470588235294118, 0.6901960784313725)"
606,2014/2015,England,Crystal Palace,1.0081132878048122,5.8,"(0.2980392156862745, 0.4470588235294118, 0.6901960784313725)"
607,2014/2015,England,Leicester,0.9951242799186136,5.8,"(0.2980392156862745, 0.4470588235294118, 0.6901960784313725)"
608,2014/2015,France,Nantes,1.0323549701973305,5.9,"(0.3333333333333333, 0.6588235294117647, 0.40784313725490196)"
609,2014/2015,France,Bordeaux,1.0420678159173906,5.9,"(0.3333333333333333, 0.6588235294117647, 0.40784313725490196)"
610,2014/2015,France,Caen,1.0359101256379168,5.9,"(0.3333333333333333, 0.6588235294117647, 0.40784313725490196)"
611,2014/2015,France,Nice,1.036688764607215,5.9,"(0.3333333333333333, 0.6588235294117647, 0.40784313725490196)"
612,2014/2015,France,Lorient,1.025384918776746,5.9,"(0.3333333333333333, 0.6588235294117647, 0.40784313725490196)"
613,2014/2015,France,Lyon,1.0037770357365854,5.9,"(0.3333333333333333, 0.6588235294117647, 0.40784313725490196)"
614,2014/2015,France,Toulouse,1.042582875522492,5.9,"(0.3333333333333333, 0.6588235294117647, 0.40784313725490196)"
615,2014/2015,France,Monaco,0.9977948759899927,5.9,"(0.3333333333333333, 0.6588235294117647, 0.40784313725490196)"
616,2014/2015,France,Paris Saint Germain,0.8182281084525707,5.9,"(0.3333333333333333, 0.6588235294117647, 0.40784313725490196)"
617,2014/2015,France,Lille,1.0348267355572904,5.9,"(0.3333333333333333, 0.6588235294117647, 0.40784313725490196)"
618,2014/2015,France,Rennes,1.0426018196998779,5.9,"(0.3333333333333333, 0.6588235294117647, 0.40784313725490196)"
619,2014/2015,France,Marseille,0.9817318020828478,5.9,"(0.3333333333333333, 0.6588235294117647, 0.40784313725490196)"
620,2014/2015,France,Saint-Etienne,1.0202162387995302,5.9,"(0.3333333333333333, 0.6588235294117647, 0.40784313725490196)"
621,2014/2015,France,Lens,1.0050559074200407,5.9,"(0.3333333333333333, 0.6588235294117647, 0.40784313725490196)"
622,2014/2015,France,Montpellier,1.0425425281161333,5.9,"(0.3333333333333333, 0.6588235294117647, 0.40784313725490196)"
623,2014/2015,France,Evian Thonon Gaillard,1.0131244743587955,5.9,"(0.3333333333333333, 0.6588235294117647, 0.40784313725490196)"
624,2014/2015,France,Reims,1.0186713921290333,5.9,"(0.3333333333333333, 0.6588235294117647, 0.40784313725490196)"
625,2014/2015,France,SC Bastia,1.017557811525301,5.9,"(0.3333333333333333, 0.6588235294117647, 0.40784313725490196)"
626,2014/2015,France,Guingamp,1.030288986010132,5.9,"(0.3333333333333333, 0.6588235294117647, 0.40784313725490196)"
627,2014/2015,France,Metz,1.0141411645919851,5.9,"(0.3333333333333333, 0.6588235294117647, 0.40784313725490196)"
628,2014/2015,Germany,Bayern Munich,0.6982506225890237,6.0,"(0.7686274509803922, 0.3058823529411765, 0.3215686274509804)"
629,2014/2015,Germany,Hamburger SV,1.0063818188293665,6.0,"(0.7686274509803922, 0.3058823529411765, 0.3215686274509804)"
630,2014/2015,Germany,Bayer Leverkusen,0.9640689962193463,6.0,"(0.7686274509803922, 0.3058823529411765, 0.3215686274509804)"
631,2014/2015,Germany,Borussia Dortmund,0.9077765609406989,6.0,"(0.7686274509803922, 0.3058823529411765, 0.3215686274509804)"
632,2014/2015,Germany,Schalke 04,1.0304001257349873,6.0,"(0.7686274509803922, 0.3058823529411765, 0.3215686274509804)"
633,2014/2015,Germany,Hannover 96,1.0099580326310964,6.0,"(0.7686274509803922, 0.3058823529411765, 0.3215686274509804)"
634,2014/2015,Germany,Wolfsburg,0.9913294459702396,6.0,"(0.7686274509803922, 0.3058823529411765, 0.3215686274509804)"
635,2014/2015,Germany,FC Cologne,1.0213064301514605,6.0,"(0.7686274509803922, 0.3058823529411765, 0.3215686274509804)"
636,2014/2015,Germany,Eintracht Frankfurt,1.007607216364501,6.0,"(0.7686274509803922, 0.3058823529411765, 0.3215686274509804)"
637,2014/2015,Germany,Hertha Berlin,1.0068416746767561,6.0,"(0.7686274509803922, 0.3058823529411765, 0.3215686274509804)"
638,2014/2015,Germany,Werder Bremen,1.0045839850659397,6.0,"(0.7686274509803922, 0.3058823529411765, 0.3215686274509804)"
639,2014/2015,Germany,Hoffenheim,1.0224399381452138,6.0,"(0.7686274509803922, 0.3058823529411765, 0.3215686274509804)"
640,2014/2015,Germany,Borussia Moenchengladbach,1.0066639579684615,6.0,"(0.7686274509803922, 0.3058823529411765, 0.3215686274509804)"
641,2014/2015,Germany,VfB Stuttgart,1.018544947441201,6.0,"(0.7686274509803922, 0.3058823529411765, 0.3215686274509804)"
642,2014/2015,Germany,Freiburg,1.0084670915022391,6.0,"(0.7686274509803922, 0.3058823529411765, 0.3215686274509804)"
643,2014/2015,Germany,Mainz 05,1.0240399342096234,6.0,"(0.7686274509803922, 0.3058823529411765, 0.3215686274509804)"
644,2014/2015,Germany,Augsburg,1.038952688848839,6.0,"(0.7686274509803922, 0.3058823529411765, 0.3215686274509804)"
645,2014/2015,Germany,Paderborn,0.9843000464179106,6.0,"(0.7686274509803922, 0.3058823529411765, 0.3215686274509804)"
646,2014/2015,Italy,Atalanta,1.0210894588003236,6.1,"(0.5058823529411764, 0.4470588235294118, 0.6980392156862745)"
647,2014/2015,Italy,Cagliari,1.01935523837956,6.1,"(0.5058823529411764, 0.4470588235294118, 0.6980392156862745)"
648,2014/2015,Italy,Lazio,1.0025038050627681,6.1,"(0.5058823529411764, 0.4470588235294118, 0.6980392156862745)"
649,2014/2015,Italy,Genoa,1.031464482061583,6.1,"(0.5058823529411764, 0.4470588235294118, 0.6980392156862745)"
650,2014/2015,Italy,Chievo,1.0113462659081853,6.1,"(0.5058823529411764, 0.4470588235294118, 0.6980392156862745)"
651,2014/2015,Italy,Fiorentina,1.0005509416099019,6.1,"(0.5058823529411764, 0.4470588235294118, 0.6980392156862745)"
652,2014/2015,Italy,Juventus,0.8724978979524949,6.1,"(0.5058823529411764, 0.4470588235294118, 0.6980392156862745)"
653,2014/2015,Italy,AC Milan,1.0181236111126024,6.1,"(0.5058823529411764, 0.4470588235294118, 0.6980392156862745)"
654,2014/2015,Italy,Roma,0.9647453527591076,6.1,"(0.5058823529411764, 0.4470588235294118, 0.6980392156862745)"
655,2014/2015,Italy,SSC Napoli,0.9611758528924512,6.1,"(0.5058823529411764, 0.4470588235294118, 0.6980392156862745)"
656,2014/2015,Italy,Sampdoria,1.0387272842383513,6.1,"(0.5058823529411764, 0.4470588235294118, 0.6980392156862745)"
657,2014/2015,Italy,Inter,1.0022678645672023,6.1,"(0.5058823529411764, 0.4470588235294118, 0.6980392156862745)"
658,2014/2015,Italy,Torino,1.0360015089184504,6.1,"(0.5058823529411764, 0.4470588235294118, 0.6980392156862745)"
659,2014/2015,Italy,Udinese,1.0249619691193224,6.1,"(0.5058823529411764, 0.4470588235294118, 0.6980392156862745)"
660,2014/2015,Italy,Palermo,1.033379693913374,6.1,"(0.5058823529411764, 0.4470588235294118, 0.6980392156862745)"
661,2014/2015,Italy,Parma,0.9682470941770859,6.1,"(0.5058823529411764, 0.4470588235294118, 0.6980392156862745)"
662,2014/2015,Italy,Cesena,0.9335220951307176,6.1,"(0.5058823529411764, 0.4470588235294118, 0.6980392156862745)"
663,2014/2015,Italy,Verona,1.015097447067625,6.1,"(0.5058823529411764, 0.4470588235294118, 0.6980392156862745)"
664,2014/2015,Italy,Sassuolo,1.0136143200450054,6.1,"(0.5058823529411764, 0.4470588235294118, 0.6980392156862745)"
665,2014/2015,Italy,Empoli,1.0144995053410328,6.1,"(0.5058823529411764, 0.4470588235294118, 0.6980392156862745)"
666,2014/2015,Spain,Valencia,0.9606655475315674,6.2,"(0.8, 0.7254901960784313, 0.4549019607843137)"
667,2014/2015,Spain,Villarreal,0.9621383682078416,6.2,"(0.8, 0.7254901960784313, 0.4549019607843137)"
668,2014/2015,Spain,Deportivo La Coruna,0.9753433892388567,6.2,"(0.8, 0.7254901960784313, 0.4549019607843137)"
669,2014/2015,Spain,Real Madrid,0.6802681293122618,6.2,"(0.8, 0.7254901960784313, 0.4549019607843137)"
670,2014/2015,Spain,Barcelona,0.6537602901921185,6.2,"(0.8, 0.7254901960784313, 0.4549019607843137)"
671,2014/2015,Spain,Sevilla,0.9666742653770982,6.2,"(0.8, 0.7254901960784313, 0.4549019607843137)"
672,2014/2015,Spain,Getafe,0.9804800797612233,6.2,"(0.8, 0.7254901960784313, 0.4549019607843137)"
673,2014/2015,Spain,Espanyol,0.9892781419386851,6.2,"(0.8, 0.7254901960784313, 0.4549019607843137)"
674,2014/2015,Spain,Athletic Bilbao,0.9844359897003774,6.2,"(0.8, 0.7254901960784313, 0.4549019607843137)"
675,2014/2015,Spain,Almeria,0.942306593449753,6.2,"(0.8, 0.7254901960784313, 0.4549019607843137)"
676,2014/2015,Spain,Atletico Madrid,0.8925082564424133,6.2,"(0.8, 0.7254901960784313, 0.4549019607843137)"
677,2014/2015,Spain,Malaga,0.9925023177491269,6.2,"(0.8, 0.7254901960784313, 0.4549019607843137)"
678,2014/2015,Spain,Levante,0.9396740214599115,6.2,"(0.8, 0.7254901960784313, 0.4549019607843137)"
679,2014/2015,Spain,Real Sociedad,0.9929807306844821,6.2,"(0.8, 0.7254901960784313, 0.4549019607843137)"
680,2014/2015,Spain,Granada,0.9617992874516822,6.2,"(0.8, 0.7254901960784313, 0.4549019607843137)"
681,2014/2015,Spain,Rayo Vallecano,0.9684323438683422,6.2,"(0.8, 0.7254901960784313, 0.4549019607843137)"
682,2014/2015,Spain,Celta Vigo,0.9890209546197846,6.2,"(0.8, 0.7254901960784313, 0.4549019607843137)"
683,2014/2015,Spain,Elche,0.9598747229428038,6.2,"(0.8, 0.7254901960784313, 0.4549019607843137)"
684,2014/2015,Spain,Eibar,0.9516291808602867,6.2,"(0.8, 0.7254901960784313, 0.4549019607843137)"
685,2014/2015,Spain,Cordoba,0.9222858321723164,6.2,"(0.8, 0.7254901960784313, 0.4549019607843137)"
686,2015/2016,England,Manchester United,0.9876323644328701,6.8,"(0.2980392156862745, 0.4470588235294118, 0.6901960784313725)"
687,2015/2016,England,Newcastle United,0.9931038770444127,6.8,"(0.2980392156862745, 0.4470588235294118, 0.6901960784313725)"
688,2015/2016,England,Arsenal,0.9297401771678226,6.8,"(0.2980392156862745, 0.4470588235294118, 0.6901960784313725)"
689,2015/2016,England,West Bromwich Albion,0.9963618355923786,6.8,"(0.2980392156862745, 0.4470588235294118, 0.6901960784313725)"
690,2015/2016,England,Sunderland,0.9814166269495749,6.8,"(0.2980392156862745, 0.4470588235294118, 0.6901960784313725)"
691,2015/2016,England,Liverpool,1.0010570708694588,6.8,"(0.2980392156862745, 0.4470588235294118, 0.6901960784313725)"
692,2015/2016,England,West Ham,1.0114447754325244,6.8,"(0.2980392156862745, 0.4470588235294118, 0.6901960784313725)"
693,2015/2016,England,Aston Villa,0.9610713560584714,6.8,"(0.2980392156862745, 0.4470588235294118, 0.6901960784313725)"
694,2015/2016,England,Manchester City,0.9115049914950345,6.8,"(0.2980392156862745, 0.4470588235294118, 0.6901960784313725)"
695,2015/2016,England,Everton,1.0265752374982167,6.8,"(0.2980392156862745, 0.4470588235294118, 0.6901960784313725)"
696,2015/2016,England,Tottenham,0.991345532142676,6.8,"(0.2980392156862745, 0.4470588235294118, 0.6901960784313725)"
697,2015/2016,England,Stoke,1.0299384010697654,6.8,"(0.2980392156862745, 0.4470588235294118, 0.6901960784313725)"
698,2015/2016,England,Chelsea,0.9821737173911809,6.8,"(0.2980392156862745, 0.4470588235294118, 0.6901960784313725)"
699,2015/2016,England,Swansea,1.0069938112154404,6.8,"(0.2980392156862745, 0.4470588235294118, 0.6901960784313725)"
700,2015/2016,England,Norwich,1.0117021477799695,6.8,"(0.2980392156862745, 0.4470588235294118, 0.6901960784313725)"
701,2015/2016,England,Southampton,1.0251852741100538,6.8,"(0.2980392156862745, 0.4470588235294118, 0.6901960784313725)"
702,2015/2016,England,Crystal Palace,1.0198032055876471,6.8,"(0.2980392156862745, 0.4470588235294118, 0.6901960784313725)"
703,2015/2016,England,Leicester,1.043062342685368,6.8,"(0.2980392156862745, 0.4470588235294118, 0.6901960784313725)"
704,2015/2016,England,Bournemouth,1.027306222617263,6.8,"(0.2980392156862745, 0.4470588235294118, 0.6901960784313725)"
705,2015/2016,England,Watford,1.016119436182959,6.8,"(0.2980392156862745, 0.4470588235294118, 0.6901960784313725)"
706,2015/2016,France,Nantes,1.0456040266606152,6.9,"(0.3333333333333333, 0.6588235294117647, 0.40784313725490196)"
707,2015/2016,France,Bordeaux,1.037254318378678,6.9,"(0.3333333333333333, 0.6588235294117647, 0.40784313725490196)"
708,2015/2016,France,Caen,1.0421730716056368,6.9,"(0.3333333333333333, 0.6588235294117647, 0.40784313725490196)"
709,2015/2016,France,Nice,1.0441951399544158,6.9,"(0.3333333333333333, 0.6588235294117647, 0.40784313725490196)"
710,2015/2016,France,Lorient,1.0329877523109876,6.9,"(0.3333333333333333, 0.6588235294117647, 0.40784313725490196)"
711,2015/2016,France,Lyon,0.9940415070847303,6.9,"(0.3333333333333333, 0.6588235294117647, 0.40784313725490196)"
712,2015/2016,France,Toulouse,1.035849387599086,6.9,"(0.3333333333333333, 0.6588235294117647, 0.40784313725490196)"
713,2015/2016,France,Monaco,1.0153773035343747,6.9,"(0.3333333333333333, 0.6588235294117647, 0.40784313725490196)"
714,2015/2016,France,Paris Saint Germain,0.784075935094418,6.9,"(0.3333333333333333, 0.6588235294117647, 0.40784313725490196)"
715,2015/2016,France,Lille,1.0323224568935196,6.9,"(0.3333333333333333, 0.6588235294117647, 0.40784313725490196)"
716,2015/2016,France,Rennes,1.0530706401066197,6.9,"(0.3333333333333333, 0.6588235294117647, 0.40784313725490196)"
717,2015/2016,France,Marseille,1.0184878671746778,6.9,"(0.3333333333333333, 0.6588235294117647, 0.40784313725490196)"
718,2015/2016,France,Saint-Etienne,1.0281562186152093,6.9,"(0.3333333333333333, 0.6588235294117647, 0.40784313725490196)"
719,2015/2016,France,Montpellier,1.038125312346731,6.9,"(0.3333333333333333, 0.6588235294117647, 0.40784313725490196)"
720,2015/2016,France,Reims,1.0321257463897526,6.9,"(0.3333333333333333, 0.6588235294117647, 0.40784313725490196)"
721,2015/2016,France,SC Bastia,1.01564609305876,6.9,"(0.3333333333333333, 0.6588235294117647, 0.40784313725490196)"
722,2015/2016,France,Troyes,0.9566903695092858,6.9,"(0.3333333333333333, 0.6588235294117647, 0.40784313725490196)"
723,2015/2016,France,Guingamp,1.0322510310568396,6.9,"(0.3333333333333333, 0.6588235294117647, 0.40784313725490196)"
724,2015/2016,France,Angers,1.0311243144843825,6.9,"(0.3333333333333333, 0.6588235294117647, 0.40784313725490196)"
725,2015/2016,France,GFC Ajaccio,1.0084066359985122,6.9,"(0.3333333333333333, 0.6588235294117647, 0.40784313725490196)"
726,2015/2016,Germany,Bayern Munich,0.6575508751220669,7.0,"(0.7686274509803922, 0.3058823529411765, 0.3215686274509804)"
727,2015/2016,Germany,Hamburger SV,1.0325143475243186,7.0,"(0.7686274509803922, 0.3058823529411765, 0.3215686274509804)"
728,2015/2016,Germany,Bayer Leverkusen,0.9716637702376564,7.0,"(0.7686274509803922, 0.3058823529411765, 0.3215686274509804)"
729,2015/2016,Germany,Borussia Dortmund,0.8235292848437001,7.0,"(0.7686274509803922, 0.3058823529411765, 0.3215686274509804)"
730,2015/2016,Germany,Schalke 04,1.0084059941068795,7.0,"(0.7686274509803922, 0.3058823529411765, 0.3215686274509804)"
731,2015/2016,Germany,Hannover 96,0.9729781033395305,7.0,"(0.7686274509803922, 0.3058823529411765, 0.3215686274509804)"
732,2015/2016,Germany,Wolfsburg,0.9968461154313566,7.0,"(0.7686274509803922, 0.3058823529411765, 0.3215686274509804)"
733,2015/2016,Germany,FC Cologne,1.018545475575363,7.0,"(0.7686274509803922, 0.3058823529411765, 0.3215686274509804)"
734,2015/2016,Germany,Eintracht Frankfurt,1.0006027767834356,7.0,"(0.7686274509803922, 0.3058823529411765, 0.3215686274509804)"
735,2015/2016,Germany,Hertha Berlin,1.0108850029978553,7.0,"(0.7686274509803922, 0.3058823529411765, 0.3215686274509804)"
736,2015/2016,Germany,Werder Bremen,1.0071144204483902,7.0,"(0.7686274509803922, 0.3058823529411765, 0.3215686274509804)"
737,2015/2016,Germany,Hoffenheim,1.0047612950682834,7.0,"(0.7686274509803922, 0.3058823529411765, 0.3215686274509804)"
738,2015/2016,Germany,Borussia Moenchengladbach,1.0188057434339879,7.0,"(0.7686274509803922, 0.3058823529411765, 0.3215686274509804)"
739,2015/2016,Germany,VfB Stuttgart,1.020260289083775,7.0,"(0.7686274509803922, 0.3058823529411765, 0.3215686274509804)"
740,2015/2016,Germany,Mainz 05,1.02268527439571,7.0,"(0.7686274509803922, 0.3058823529411765, 0.3215686274509804)"
741,2015/2016,Germany,Augsburg,1.0173412865251652,7.0,"(0.7686274509803922, 0.3058823529411765, 0.3215686274509804)"
742,2015/2016,Germany,Ingolstadt,1.0048203220047858,7.0,"(0.7686274509803922, 0.3058823529411765, 0.3215686274509804)"
743,2015/2016,Germany,Darmstadt,0.9785999911078069,7.0,"(0.7686274509803922, 0.3058823529411765, 0.3215686274509804)"
744,2015/2016,Italy,Atalanta,1.0196449084844055,7.1,"(0.5058823529411764, 0.4470588235294118, 0.6980392156862745)"
745,2015/2016,Italy,Lazio,1.0142556124373627,7.1,"(0.5058823529411764, 0.4470588235294118, 0.6980392156862745)"
746,2015/2016,Italy,Genoa,1.0243733965113393,7.1,"(0.5058823529411764, 0.4470588235294118, 0.6980392156862745)"
747,2015/2016,Italy,Chievo,1.0190273753885115,7.1,"(0.5058823529411764, 0.4470588235294118, 0.6980392156862745)"
748,2015/2016,Italy,Fiorentina,1.000519009600793,7.1,"(0.5058823529411764, 0.4470588235294118, 0.6980392156862745)"
749,2015/2016,Italy,Juventus,0.8785971474511926,7.1,"(0.5058823529411764, 0.4470588235294118, 0.6980392156862745)"
750,2015/2016,Italy,AC Milan,1.0050954905842713,7.1,"(0.5058823529411764, 0.4470588235294118, 0.6980392156862745)"
751,2015/2016,Italy,Bologna,1.0087007651833841,7.1,"(0.5058823529411764, 0.4470588235294118, 0.6980392156862745)"
752,2015/2016,Italy,Roma,0.9502007623090573,7.1,"(0.5058823529411764, 0.4470588235294118, 0.6980392156862745)"
753,2015/2016,Italy,SSC Napoli,0.8655114992648227,7.1,"(0.5058823529411764, 0.4470588235294118, 0.6980392156862745)"
754,2015/2016,Italy,Sampdoria,1.0178163303569232,7.1,"(0.5058823529411764, 0.4470588235294118, 0.6980392156862745)"
755,2015/2016,Italy,Inter,0.9800056554803623,7.1,"(0.5058823529411764, 0.4470588235294118, 0.6980392156862745)"
756,2015/2016,Italy,Torino,1.0189244053104576,7.1,"(0.5058823529411764, 0.4470588235294118, 0.6980392156862745)"
757,2015/2016,Italy,Udinese,1.012624167671925,7.1,"(0.5058823529411764, 0.4470588235294118, 0.6980392156862745)"
758,2015/2016,Italy,Palermo,0.9862226275844264,7.1,"(0.5058823529411764, 0.4470588235294118, 0.6980392156862745)"
759,2015/2016,Italy,Verona,0.9743292204749526,7.1,"(0.5058823529411764, 0.4470588235294118, 0.6980392156862745)"
760,2015/2016,Italy,Sassuolo,1.022672120585134,7.1,"(0.5058823529411764, 0.4470588235294118, 0.6980392156862745)"
761,2015/2016,Italy,Empoli,1.0172696790407327,7.1,"(0.5058823529411764, 0.4470588235294118, 0.6980392156862745)"
762,2015/2016,Italy,Frosinone,0.917672558377037,7.1,"(0.5058823529411764, 0.4470588235294118, 0.6980392156862745)"
763,2015/2016,Italy,Carpi,0.9782826134741253,7.1,"(0.5058823529411764, 0.4470588235294118, 0.6980392156862745)"
764,2015/2016,Spain,Valencia,0.9891176128980471,7.2,"(0.8, 0.7254901960784313, 0.4549019607843137)"
765,2015/2016,Spain,Villarreal,0.9933773198415216,7.2,"(0.8, 0.7254901960784313, 0.4549019607843137)"
766,2015/2016,Spain,Deportivo La Coruna,0.9897367103407941,7.2,"(0.8, 0.7254901960784313, 0.4549019607843137)"
767,2015/2016,Spain,Real Madrid,0.7339830162827968,7.2,"(0.8, 0.7254901960784313, 0.4549019607843137)"
768,2015/2016,Spain,Barcelona,0.6370014751545775,7.2,"(0.8, 0.7254901960784313, 0.4549019607843137)"
769,2015/2016,Spain,Sevilla,0.9724161057735704,7.2,"(0.8, 0.7254901960784313, 0.4549019607843137)"
770,2015/2016,Spain,Sporting Gijon,0.9569128372544631,7.2,"(0.8, 0.7254901960784313, 0.4549019607843137)"
771,2015/2016,Spain,Getafe,0.9757311971479635,7.2,"(0.8, 0.7254901960784313, 0.4549019607843137)"
772,2015/2016,Spain,Real Betis,0.9769600071619763,7.2,"(0.8, 0.7254901960784313, 0.4549019607843137)"
773,2015/2016,Spain,Espanyol,0.9831758088244351,7.2,"(0.8, 0.7254901960784313, 0.4549019607843137)"
774,2015/2016,Spain,Athletic Bilbao,0.9739816430801681,7.2,"(0.8, 0.7254901960784313, 0.4549019607843137)"
775,2015/2016,Spain,Atletico Madrid,0.8929070063870612,7.2,"(0.8, 0.7254901960784313, 0.4549019607843137)"
776,2015/2016,Spain,Malaga,0.9957039465477303,7.2,"(0.8, 0.7254901960784313, 0.4549019607843137)"
777,2015/2016,Spain,Levante,0.9558767279098194,7.2,"(0.8, 0.7254901960784313, 0.4549019607843137)"
778,2015/2016,Spain,Real Sociedad,1.0067739005700755,7.2,"(0.8, 0.7254901960784313, 0.4549019607843137)"
779,2015/2016,Spain,Granada,0.9603210275205302,7.2,"(0.8, 0.7254901960784313, 0.4549019607843137)"
780,2015/2016,Spain,Rayo Vallecano,0.983281314180893,7.2,"(0.8, 0.7254901960784313, 0.4549019607843137)"
781,2015/2016,Spain,Celta Vigo,0.9979445888882704,7.2,"(0.8, 0.7254901960784313, 0.4549019607843137)"
782,2015/2016,Spain,Eibar,0.9901692310748715,7.2,"(0.8, 0.7254901960784313, 0.4549019607843137)"
783,2015/2016,Spain,Las Palmas,0.9661901813932389,7.2,"(0.8, 0.7254901960784313, 0.4549019607843137)"
